sample_idx,reconstruction_idx,fc1_min_abs_diff,fc1_mean_abs_diff,fc1_max_abs_diff,fc2_min_abs_diff,fc2_mean_abs_diff,fc2_max_abs_diff,fc3_min_abs_diff,fc3_mean_abs_diff,fc3_max_abs_diff
0,0,0.0016623735427856445,0.172511026263237,0.45476508140563965,0.0015441179275512695,0.08472011238336563,0.2284308820962906,0.02276468276977539,0.036445338279008865,0.04691779613494873
0,1,0.0028685927391052246,0.4202004671096802,1.5165305137634277,0.0033271312713623047,0.2241450548171997,0.5462648868560791,0.027498722076416016,0.04583275318145752,0.05850875377655029
0,2,0.016872882843017578,0.40331023931503296,1.410934329032898,0.00027251243591308594,0.1444784700870514,0.38723456859588623,0.036554813385009766,0.047922294586896896,0.05845308303833008
0,3,0.008183181285858154,0.26289302110671997,0.516979455947876,0.031573712825775146,0.16670507192611694,0.44298654794692993,0.05383014678955078,0.08249711990356445,0.0972585678100586
0,4,0.0022518038749694824,0.43546685576438904,0.898452639579773,0.0015387535095214844,0.3000949025154114,0.9169235229492188,0.22347593307495117,0.35679903626441956,0.4992861747741699
1,0,0.024940967559814453,0.7936305403709412,2.4464032649993896,0.00753098726272583,0.4258020222187042,0.9633564949035645,0.053971052169799805,0.07201198488473892,0.08350729942321777
1,1,0.00920557975769043,0.9290140867233276,2.376495599746704,0.01644420623779297,0.5139408707618713,1.2294247150421143,0.16770410537719727,0.24835097789764404,0.3317885398864746
1,2,0.15588873624801636,1.1154274940490723,2.7430686950683594,0.030800819396972656,0.5528630018234253,1.59369957447052,0.30411338806152344,0.416782021522522,0.5709269046783447
1,3,0.018852710723876953,0.3275195062160492,0.8445136547088623,0.010273575782775879,0.15443278849124908,0.33015668392181396,0.026726484298706055,0.13920195400714874,0.23047447204589844
1,4,0.010982155799865723,0.7100645899772644,1.8588882684707642,0.026106595993041992,0.4710721969604492,1.097989797592163,0.18735766410827637,0.2128216028213501,0.24171721935272217
2,0,0.0073036253452301025,0.19196218252182007,0.7043031454086304,0.0006288886070251465,0.07905153930187225,0.1972728967666626,0.011850595474243164,0.019778162240982056,0.03114604949951172
2,1,0.0008082389831542969,0.1224103569984436,0.31658756732940674,0.0025112032890319824,0.052435461431741714,0.14423131942749023,0.016632080078125,0.026043212041258812,0.03668212890625
2,2,0.003485068678855896,0.3300740122795105,1.133297085762024,0.008053362369537354,0.12273579090833664,0.3443625867366791,0.029013991355895996,0.046008944511413574,0.07049578428268433
2,3,0.00017750263214111328,0.07493773102760315,0.2002323567867279,0.0011036396026611328,0.02866237238049507,0.08631926774978638,0.00668644905090332,0.012813483364880085,0.021645307540893555
2,4,0.0012572705745697021,0.3939308524131775,1.5190513134002686,0.0002497434616088867,0.1317211538553238,0.43288102746009827,0.006577968597412109,0.008686050772666931,0.012323617935180664
3,0,0.0038676857948303223,0.17585453391075134,0.5193497538566589,0.002208709716796875,0.07904543727636337,0.22575366497039795,0.02093982696533203,0.030717650428414345,0.036098599433898926
3,1,0.005498170852661133,0.44765186309814453,1.2157894372940063,0.006020784378051758,0.24642713367938995,0.6210209131240845,0.0202181339263916,0.06662150472402573,0.15577435493469238
3,2,0.0057680606842041016,0.15114645659923553,0.3990440368652344,0.0029054880142211914,0.062239088118076324,0.18714793026447296,0.019618511199951172,0.03039073944091797,0.041434288024902344
3,3,0.01286935806274414,0.5276858806610107,1.8741602897644043,0.02121567726135254,0.2325616180896759,0.5423607230186462,0.016376495361328125,0.028280258178710938,0.03683614730834961
3,4,0.008578181266784668,0.35133785009384155,0.9424757957458496,0.008505821228027344,0.13895119726657867,0.3452429175376892,0.07669305801391602,0.08144494146108627,0.08909142017364502
4,0,0.020318210124969482,0.2712644338607788,0.692275881767273,0.012693583965301514,0.13468122482299805,0.37441182136535645,0.04338645935058594,0.0681459903717041,0.08080911636352539
4,1,0.01113128662109375,0.40221884846687317,1.082716941833496,0.0013041496276855469,0.1315365731716156,0.47580504417419434,0.0026683807373046875,0.030416568741202354,0.044365644454956055
4,2,0.015521883964538574,0.3566507399082184,1.3393796682357788,0.0030107498168945312,0.1664472073316574,0.35530757904052734,0.004029989242553711,0.022242387756705284,0.03927731513977051
4,3,0.008474349975585938,0.25324416160583496,0.7017577886581421,0.00292891263961792,0.08463672548532486,0.24367308616638184,0.0010504722595214844,0.009113550186157227,0.013334989547729492
4,4,0.03178226947784424,0.45902687311172485,1.2136842012405396,0.007786452770233154,0.24053344130516052,0.7432719469070435,0.029202938079833984,0.09041289240121841,0.16029596328735352
5,0,0.021193161606788635,0.8252997398376465,3.2555298805236816,0.03929424285888672,0.32400164008140564,0.9806901216506958,0.009700596332550049,0.029052674770355225,0.04935169219970703
5,1,0.010218024253845215,0.3270502984523773,1.047119140625,0.001032114028930664,0.13135211169719696,0.3470801115036011,0.01289987564086914,0.02226966619491577,0.033789217472076416
5,2,0.14330589771270752,0.7365740537643433,1.6934056282043457,0.01686951518058777,0.3406231105327606,1.0569539070129395,0.04346036911010742,0.13011972606182098,0.29373300075531006
5,3,0.010390982031822205,0.6943377256393433,2.6984713077545166,0.034919798374176025,0.2585461139678955,0.8522117137908936,0.07308626174926758,0.08761650323867798,0.10932815074920654
5,4,0.0005102157592773438,0.04547564685344696,0.12565526366233826,0.005323171615600586,0.023047534748911858,0.05180937051773071,0.0027256011962890625,0.004816392902284861,0.006892502307891846
6,0,0.0014615654945373535,0.5323483943939209,1.3374707698822021,0.015439987182617188,0.2148922085762024,0.5234463214874268,0.0039098262786865234,0.005630224943161011,0.008354902267456055
6,1,0.008062690496444702,0.5762999653816223,1.3619389533996582,0.007551461458206177,0.20787794888019562,0.6051092147827148,0.038504958152770996,0.07689026743173599,0.14353275299072266
6,2,0.021773457527160645,0.33514705300331116,0.6860135793685913,0.002487778663635254,0.12802690267562866,0.3283882737159729,0.001360088586807251,0.04403196647763252,0.12078267335891724
6,3,0.030260026454925537,0.511302649974823,1.456620216369629,0.0004006326198577881,0.20473729074001312,0.49960237741470337,0.0033397674560546875,0.005064884666353464,0.008101046085357666
6,4,0.001926124095916748,0.09172548353672028,0.2758283317089081,0.0007894039154052734,0.05041813105344772,0.11300849914550781,0.012834310531616211,0.020014336332678795,0.030210673809051514
7,0,0.011382699012756348,0.36038246750831604,0.9977830648422241,0.0152512788772583,0.10205785930156708,0.3407915234565735,0.020824909210205078,0.024366656318306923,0.028354167938232422
7,1,0.03745228052139282,0.4410979747772217,1.2734315395355225,0.006785869598388672,0.2746601104736328,0.7860422730445862,0.2340078353881836,0.3954043686389923,0.5997812747955322
7,2,0.009430348873138428,0.5139209032058716,1.3932793140411377,0.003727555274963379,0.2131754457950592,0.93235844373703,0.004464626312255859,0.010207255370914936,0.014074087142944336
7,3,0.005485236644744873,0.5693294405937195,1.7664812803268433,0.01738947629928589,0.2671634256839752,0.9929965138435364,0.030654191970825195,0.0514632873237133,0.08770895004272461
7,4,0.024008870124816895,0.5246423482894897,1.3509479761123657,0.020882129669189453,0.3295360207557678,0.8487626314163208,0.039099812507629395,0.052866894751787186,0.06477952003479004
8,0,0.002634763717651367,0.35127586126327515,1.0701276063919067,0.0016014575958251953,0.19362017512321472,0.5040172934532166,0.05398416519165039,0.0898335799574852,0.10919857025146484
8,1,0.0032879114151000977,0.3574867248535156,1.0365756750106812,2.5391578674316406e-05,0.11951731145381927,0.46030163764953613,0.00855255126953125,0.012030045501887798,0.0163421630859375
8,2,0.0033573508262634277,0.08078131079673767,0.23934662342071533,0.0003611445426940918,0.03183988481760025,0.08100391179323196,0.009680986404418945,0.01259597111493349,0.015250921249389648
8,3,0.010132908821105957,0.35114219784736633,1.223218321800232,0.018509089946746826,0.18833158910274506,0.43846631050109863,0.035919189453125,0.05726448819041252,0.07017064094543457
8,4,0.014903545379638672,0.3806559145450592,1.1358481645584106,0.0029876232147216797,0.22407199442386627,0.6419947147369385,0.0025860071182250977,0.02420254610478878,0.03771233558654785
9,0,0.00926661491394043,0.39602336287498474,0.8921068906784058,0.007367134094238281,0.22976118326187134,0.647371232509613,0.05733752250671387,0.08323407173156738,0.0980994701385498
9,1,0.015120983123779297,0.5423398017883301,1.210321307182312,0.020901739597320557,0.32282668352127075,0.8581018447875977,0.10673117637634277,0.16371746361255646,0.202500581741333
9,2,0.004554927349090576,0.43560826778411865,0.9773123264312744,0.011154651641845703,0.26322880387306213,0.6777553558349609,0.07905936241149902,0.10702475160360336,0.12451863288879395
9,3,0.005793154239654541,0.20754894614219666,0.5353457927703857,0.0017060637474060059,0.051306020468473434,0.1376456618309021,0.008730411529541016,0.017194271087646484,0.022723913192749023
9,4,0.04742836952209473,0.5774283409118652,1.7211257219314575,0.0326080322265625,0.3022144138813019,0.7697831392288208,0.02857518196105957,0.05832846835255623,0.08438777923583984
10,0,0.003951966762542725,0.25715693831443787,0.8941246867179871,0.0008760690689086914,0.1386794149875641,0.388197660446167,0.01712632179260254,0.02838653326034546,0.04324251413345337
10,1,0.02090597152709961,0.3932560682296753,1.0180785655975342,0.0012194514274597168,0.1848788559436798,0.6011874675750732,0.018889665603637695,0.045790016651153564,0.0718185305595398
10,2,0.001528620719909668,0.23838631808757782,0.803867757320404,0.009347796440124512,0.10287914425134659,0.2706359922885895,0.0381929874420166,0.05565802380442619,0.07176923751831055
10,3,0.014499306678771973,0.5121390223503113,1.895031452178955,0.012197017669677734,0.17826953530311584,0.6001111268997192,0.16430997848510742,0.20615410804748535,0.2654750347137451
10,4,0.03302055597305298,0.4157630205154419,1.5108006000518799,0.0008144378662109375,0.135382741689682,0.37884247303009033,0.007174968719482422,0.0128847761079669,0.021416664123535156
11,0,0.011666357517242432,0.4108037054538727,1.518657922744751,0.026717007160186768,0.2456662654876709,0.501101553440094,0.1605469286441803,0.16536961495876312,0.17018115520477295
11,1,0.0009332895278930664,0.10252141952514648,0.4046064615249634,0.0009668394923210144,0.03469007462263107,0.09169730544090271,0.0023783445358276367,0.0029861803632229567,0.00391300767660141
11,2,0.0002091825008392334,0.25124892592430115,1.0089242458343506,0.0013794898986816406,0.10951852798461914,0.21287107467651367,0.008955031633377075,0.010189960710704327,0.01220017671585083
11,3,0.0014040470123291016,0.2224152684211731,0.6111758351325989,0.006772547960281372,0.09106190502643585,0.2918562889099121,0.02998906373977661,0.03479696810245514,0.044158563017845154
11,4,0.007810056209564209,0.3149318993091583,0.9858807325363159,0.0013293027877807617,0.14203330874443054,0.36663705110549927,0.06847286224365234,0.10282742977142334,0.12537145614624023
12,0,0.00732654333114624,0.5318171381950378,1.0616834163665771,0.016010046005249023,0.18610087037086487,0.4516957998275757,0.04389166831970215,0.07147961854934692,0.109108567237854
12,1,0.023418933153152466,0.8060660362243652,2.417119026184082,0.06717216968536377,0.3660517930984497,0.9348074197769165,0.032757580280303955,0.05091901496052742,0.08524328470230103
12,2,0.0015848875045776367,0.24889099597930908,0.6964120268821716,0.010925054550170898,0.1208822950720787,0.37264853715896606,0.04036378860473633,0.06374794244766235,0.09644794464111328
12,3,0.001219630241394043,0.021595541387796402,0.08305096626281738,0.0001701563596725464,0.01116835605353117,0.026003479957580566,0.0012698173522949219,0.0022408168297261,0.0036550164222717285
12,4,0.00895005464553833,0.24609610438346863,0.6871834993362427,0.004698276519775391,0.12057456374168396,0.38151055574417114,0.04086422920227051,0.06475826352834702,0.0979166030883789
13,0,0.02657163143157959,0.4924342632293701,1.3273674249649048,0.0070220232009887695,0.2706190347671509,0.7111621499061584,0.04550457000732422,0.0792890414595604,0.0986475944519043
13,1,0.018012940883636475,0.615050196647644,1.5654670000076294,0.0004158616065979004,0.3103291690349579,0.9061508774757385,0.14272546768188477,0.22462491691112518,0.30106210708618164
13,2,0.013764306902885437,0.525905966758728,1.6331548690795898,0.0048906803131103516,0.301371306180954,0.7042598724365234,0.06446123123168945,0.11087179183959961,0.14679741859436035
13,3,0.023286759853363037,0.433397114276886,1.183075189590454,0.004871010780334473,0.18277981877326965,0.6447932720184326,0.025176525115966797,0.04823048785328865,0.0660858154296875
13,4,0.01472422480583191,0.4606219530105591,1.4054068326950073,0.0277864933013916,0.24900951981544495,0.6209036707878113,0.02209782600402832,0.04819099232554436,0.07004976272583008
14,0,0.0023038387298583984,0.6277366280555725,1.8799211978912354,0.004498571157455444,0.35769301652908325,1.2313145399093628,0.010782003402709961,0.045313358306884766,0.09562993049621582
14,1,0.001965165138244629,0.5103334784507751,1.4765124320983887,0.004427194595336914,0.2675040364265442,0.6432498693466187,0.005048274993896484,0.029386719688773155,0.05692613124847412
14,2,0.0008693337440490723,0.5100931525230408,1.9246740341186523,0.014796018600463867,0.2635764181613922,0.6275593042373657,0.04267692565917969,0.0872652530670166,0.12258625030517578
14,3,0.007797598838806152,0.4809558391571045,1.273055076599121,0.0004304647445678711,0.19260284304618835,0.5492117404937744,0.0543825626373291,0.08592724800109863,0.10561966896057129
14,4,0.0002110004425048828,0.07968112081289291,0.1540166288614273,0.001161813735961914,0.04919006675481796,0.12634074687957764,0.010385751724243164,0.0157038364559412,0.01898932456970215
15,0,0.028663575649261475,1.1106717586517334,4.20412540435791,0.010171175003051758,0.37783733010292053,1.2660691738128662,0.02276146411895752,0.09323525428771973,0.17996084690093994
15,1,0.004013538360595703,0.31231603026390076,1.1255443096160889,0.02748727798461914,0.23333625495433807,0.5910395979881287,0.048941612243652344,0.09907682985067368,0.16132092475891113
15,2,0.021403923630714417,0.3271174430847168,1.048429012298584,0.01696866750717163,0.18366384506225586,0.3970890939235687,0.03941214084625244,0.05843476578593254,0.09617400169372559
15,3,0.005276799201965332,0.5708174705505371,1.2491711378097534,0.021509885787963867,0.20022067427635193,0.540081799030304,0.0019049644470214844,0.0168327484279871,0.04207038879394531
15,4,0.001612842082977295,0.11891051381826401,0.4043847322463989,0.0012209415435791016,0.06631326675415039,0.2221362590789795,0.0029429197311401367,0.036059100180864334,0.05489182472229004
16,0,0.0007083415985107422,0.027170585468411446,0.07631729543209076,0.002536863088607788,0.0139150470495224,0.03446197509765625,0.002762317657470703,0.004860401153564453,0.00788736343383789
16,1,0.012645125389099121,0.424032062292099,1.1933923959732056,0.012796193361282349,0.21932806074619293,0.6553205251693726,0.05076742172241211,0.08297411352396011,0.12287747859954834
16,2,0.004558086395263672,0.23259389400482178,0.6940499544143677,0.0006899833679199219,0.10394926369190216,0.33848297595977783,0.014224529266357422,0.021231194958090782,0.02896791696548462
16,3,0.012655317783355713,0.603891909122467,1.4865456819534302,0.005401164293289185,0.3207699656486511,0.8002909421920776,0.0697929859161377,0.11969580501317978,0.18313151597976685
16,4,0.020253658294677734,0.39020729064941406,1.3381363153457642,0.017812341451644897,0.17619869112968445,0.5152312517166138,0.004816532135009766,0.00759067153558135,0.011852443218231201
17,0,0.00338822603225708,0.3474913239479065,1.1332225799560547,0.008581995964050293,0.13775737583637238,0.33179739117622375,0.01580500602722168,0.0315699577331543,0.05716395378112793
17,1,0.013544939458370209,0.2901296019554138,0.7471231818199158,0.004275083541870117,0.14840364456176758,0.5033277273178101,0.03485894203186035,0.07366659492254257,0.12824469804763794
17,2,0.004632711410522461,0.1999824345111847,0.5435430407524109,0.00019180774688720703,0.08112926781177521,0.2495955228805542,0.06505106389522552,0.0869145393371582,0.11069107055664062
17,3,0.02090132236480713,0.222857266664505,0.48281633853912354,0.0011891722679138184,0.09246644377708435,0.27153587341308594,0.0055908262729644775,0.030643194913864136,0.05027961730957031
17,4,0.011739075183868408,0.371084600687027,0.8605300784111023,0.008288800716400146,0.1954602152109146,0.5465737581253052,0.04242277145385742,0.07724084705114365,0.12241168320178986
18,0,0.01899281144142151,0.4761553704738617,1.312182068824768,0.016364097595214844,0.1722930669784546,0.4448898434638977,0.02178049087524414,0.034182820469141006,0.05591416358947754
18,1,0.018876254558563232,0.4934088885784149,2.0024240016937256,0.0028874576091766357,0.24303391575813293,0.5956249833106995,0.010347604751586914,0.017456039786338806,0.026645302772521973
18,2,0.01739734411239624,0.2916230857372284,1.1043366193771362,0.012421488761901855,0.10441983491182327,0.3294435739517212,0.0016777515411376953,0.002584790112450719,0.003923892974853516
18,3,0.010134667158126831,0.5934310555458069,1.792043685913086,0.026440441608428955,0.24362322688102722,0.6737481355667114,0.00782465934753418,0.01132133137434721,0.0174524188041687
18,4,0.0009723901748657227,0.20796284079551697,0.5696846842765808,0.0067446231842041016,0.09850354492664337,0.23586499691009521,0.025097370147705078,0.037634868174791336,0.052587032318115234
19,0,0.0051763057708740234,0.5465166568756104,2.0991153717041016,6.629526615142822e-05,0.22682559490203857,0.6413432359695435,0.23531842231750488,0.29995429515838623,0.3403400480747223
19,1,0.010103940963745117,0.4139423370361328,0.848581850528717,0.007038116455078125,0.17644424736499786,0.6155867576599121,0.03635859489440918,0.06272580474615097,0.09343725442886353
19,2,0.023000597953796387,0.7076913118362427,1.8234740495681763,0.012392520904541016,0.32917195558547974,0.8624054193496704,0.08747056126594543,0.36955466866493225,0.8516533374786377
19,3,0.006271481513977051,0.5070081353187561,1.399741291999817,0.006548047065734863,0.24513186514377594,0.7868673801422119,0.025933504104614258,0.10860107094049454,0.23998922109603882
19,4,0.004179716110229492,0.33714234828948975,1.079391360282898,0.0004055500030517578,0.11711291968822479,0.3984479606151581,0.1250143051147461,0.14427779614925385,0.15678119659423828
20,0,0.004259347915649414,0.24931704998016357,0.6821658611297607,0.0060021281242370605,0.1169506385922432,0.34473109245300293,0.001888275146484375,0.0029046733397990465,0.00466388463973999
20,1,0.002409890294075012,0.5133522152900696,1.758022665977478,0.00012037158012390137,0.1809546947479248,0.4002925157546997,0.03431808948516846,0.058228254318237305,0.08715271949768066
20,2,0.009492605924606323,0.1283360868692398,0.34641528129577637,0.0016514956951141357,0.06689771264791489,0.17430520057678223,0.009307861328125,0.013396997936069965,0.02063620090484619
20,3,0.00059548020362854,0.24692679941654205,0.6562066078186035,0.008836507797241211,0.096680648624897,0.28225278854370117,0.03288137912750244,0.05028865858912468,0.07399702072143555
20,4,0.0020245015621185303,0.1639014482498169,0.4535607695579529,0.0024409890174865723,0.06867849826812744,0.2188778966665268,0.02094590663909912,0.031161705031991005,0.048325181007385254
21,0,0.013365507125854492,0.7786111235618591,3.0059447288513184,0.01329880952835083,0.2446611523628235,0.7257810235023499,0.0024847984313964844,0.05632646754384041,0.10381054878234863
21,1,0.0020182430744171143,0.5230491161346436,1.9053032398223877,0.002731025218963623,0.19140110909938812,0.6430050134658813,0.24625015258789062,0.2677041292190552,0.27876126766204834
21,2,0.03278249502182007,0.6030264496803284,2.261925220489502,0.006799459457397461,0.2242647409439087,0.6267544627189636,0.0015306472778320312,0.0027401347178965807,0.004029005765914917
21,3,0.012266814708709717,0.16793859004974365,0.36581552028656006,0.0008388757705688477,0.0882120132446289,0.32097554206848145,0.03981158137321472,0.05113743618130684,0.07201576232910156
21,4,0.0034246742725372314,0.15898221731185913,0.596892237663269,0.008986175060272217,0.07957441359758377,0.20601928234100342,0.005187034606933594,0.009444226510822773,0.014555186033248901
22,0,0.0015990138053894043,0.3880045413970947,0.8240072131156921,0.013441234827041626,0.14968548715114594,0.45704513788223267,0.0550384521484375,0.08757372945547104,0.12583306431770325
22,1,0.005704939365386963,0.34330496191978455,0.96644127368927,0.00029397010803222656,0.16063813865184784,0.5571301579475403,0.08607292175292969,0.11767909675836563,0.16778478026390076
22,2,0.006209015846252441,0.11834198981523514,0.3279154300689697,0.004307597875595093,0.052139319479465485,0.17415857315063477,0.015189647674560547,0.023810038343071938,0.035852789878845215
22,3,0.009152203798294067,0.19280722737312317,0.5353895425796509,0.00225067138671875,0.09869164228439331,0.31108522415161133,0.004891395568847656,0.006993760820478201,0.010062217712402344
22,4,0.008223772048950195,0.30867481231689453,0.8541799783706665,0.0010250210762023926,0.11514723300933838,0.2891755700111389,0.028406500816345215,0.04993630573153496,0.08489644527435303
23,0,0.007542252540588379,0.35301512479782104,0.9522345066070557,0.0059254467487335205,0.1235809251666069,0.3305765390396118,0.014608383178710938,0.02820742130279541,0.03827250003814697
23,1,0.006746053695678711,0.36106446385383606,1.4257296323776245,0.003152132034301758,0.1407250165939331,0.42841458320617676,0.15385043621063232,0.19392581284046173,0.2194204330444336
23,2,0.03524744510650635,0.5105793476104736,1.5036380290985107,0.04006648063659668,0.2624965310096741,0.6914042234420776,0.011317253112792969,0.04385073855519295,0.07280158996582031
23,3,0.012734055519104004,0.3384953737258911,0.9773918390274048,0.0005109310150146484,0.11442345380783081,0.3466329574584961,0.007680296897888184,0.014387805946171284,0.017789602279663086
23,4,0.0017743706703186035,0.29140013456344604,0.6594603061676025,0.004086732864379883,0.1628289371728897,0.3846203684806824,0.03691530227661133,0.05210113525390625,0.06075549125671387
24,0,0.00032204389572143555,0.20137888193130493,0.8100359439849854,0.004070937633514404,0.09630367904901505,0.2420656383037567,0.031275272369384766,0.04650914669036865,0.05414390563964844
24,1,0.009154319763183594,0.27429264783859253,0.9172030091285706,0.0010595321655273438,0.14825813472270966,0.45674633979797363,0.19882583618164062,0.2425125688314438,0.2703979015350342
24,2,0.022397637367248535,0.29377281665802,0.6695793271064758,0.012893199920654297,0.16329996287822723,0.4699140191078186,0.01687908172607422,0.029611309990286827,0.043430447578430176
24,3,0.00439906120300293,0.4798320233821869,1.9001117944717407,4.5299530029296875e-06,0.1714993119239807,0.5687085390090942,0.03675609827041626,0.07289236783981323,0.12815332412719727
24,4,0.059874773025512695,0.7021198868751526,1.8428022861480713,0.02722454071044922,0.3157619833946228,1.0387040376663208,0.06037139892578125,0.14277313649654388,0.19483280181884766
25,0,0.001224517822265625,0.22601771354675293,0.8275899887084961,0.019976168870925903,0.140360027551651,0.3631630539894104,0.029975056648254395,0.045989274978637695,0.07385909557342529
25,1,0.0003293752670288086,0.23605376482009888,0.7803041934967041,0.003967761993408203,0.14730088412761688,0.39409106969833374,0.02752697467803955,0.04702063277363777,0.07519543170928955
25,2,0.01702702045440674,0.364563912153244,0.8036853075027466,0.01758674532175064,0.11160564422607422,0.26460087299346924,0.01786220073699951,0.032075803726911545,0.04692888259887695
25,3,0.004563331604003906,0.23413540422916412,0.8735727071762085,0.0013170242309570312,0.13416485488414764,0.31326723098754883,0.03158676624298096,0.048005104064941406,0.07498371601104736
25,4,0.005759179592132568,0.450378954410553,1.6797220706939697,0.003258943557739258,0.30337709188461304,0.7492088079452515,0.07529854774475098,0.12677855789661407,0.20471513271331787
26,0,0.002863764762878418,0.24738521873950958,0.662840723991394,0.0021033883094787598,0.11292098462581635,0.3098924160003662,0.020288944244384766,0.03481261059641838,0.045479774475097656
26,1,0.0008544921875,0.18199022114276886,0.3970511853694916,0.009329795837402344,0.11580802500247955,0.3230469524860382,0.09482002258300781,0.1514211893081665,0.20726227760314941
26,2,0.0035501718521118164,0.3856821060180664,1.1188154220581055,0.015763163566589355,0.18908008933067322,0.5470761060714722,0.05358624458312988,0.05936622619628906,0.06964492797851562
26,3,0.020014286041259766,0.789490818977356,2.7265357971191406,0.004218161106109619,0.3182956874370575,0.9363042116165161,0.009609818458557129,0.011541088111698627,0.014698028564453125
26,4,0.0013298988342285156,0.35710927844047546,1.117397427558899,0.006800055503845215,0.15234288573265076,0.4198129177093506,0.03551316261291504,0.04324936866760254,0.05102396011352539
27,0,0.01556706428527832,0.3861096203327179,1.0631355047225952,0.015722990036010742,0.17008182406425476,0.45829495787620544,0.13222622871398926,0.16377146542072296,0.1918182373046875
27,1,0.011719226837158203,0.3810368776321411,1.0155941247940063,0.011248469352722168,0.11169212311506271,0.2797269821166992,0.033942461013793945,0.03845401480793953,0.04531216621398926
27,2,0.009606242179870605,0.5101615786552429,1.3845162391662598,0.005762577056884766,0.17981059849262238,0.4631343185901642,0.036482810974121094,0.05410392954945564,0.06406426429748535
27,3,0.014861106872558594,0.2812211513519287,0.6057045459747314,0.018001675605773926,0.1839493215084076,0.5305501818656921,0.13646912574768066,0.2068358212709427,0.27599215507507324
27,4,0.026839077472686768,0.39178037643432617,1.0445218086242676,0.024321794509887695,0.23913246393203735,0.6921366453170776,0.17654037475585938,0.26926741003990173,0.37464404106140137
28,0,0.007184147834777832,0.3642469048500061,1.04664945602417,0.006531238555908203,0.18318064510822296,0.5521472692489624,0.0008025169372558594,0.025377511978149414,0.04891610145568848
28,1,0.01566213369369507,0.38635602593421936,1.1540896892547607,0.01766037940979004,0.2273552417755127,0.5040830969810486,0.04297685623168945,0.07677146047353745,0.09406483173370361
28,2,0.0019109249114990234,0.3614370822906494,1.2049508094787598,0.014681100845336914,0.19615425169467926,0.42460834980010986,0.026097774505615234,0.04404882714152336,0.058377861976623535
28,3,0.00802600383758545,0.3506386876106262,0.7816787958145142,0.0288236141204834,0.21135437488555908,0.5398362874984741,0.0525360107421875,0.09154033660888672,0.11554622650146484
28,4,0.001234889030456543,0.18064962327480316,0.4799487590789795,0.0011490583419799805,0.05797528475522995,0.20718109607696533,9.918212890625e-05,0.0009950002422556281,0.0019392967224121094
29,0,0.02440810203552246,0.4822014570236206,1.7323527336120605,0.0020771771669387817,0.2286006212234497,0.768282949924469,0.03355097770690918,0.061134498566389084,0.1004936695098877
29,1,0.010658323764801025,0.8624919652938843,2.736429214477539,0.0006500482559204102,0.29818668961524963,1.0994951725006104,0.05964493751525879,0.20866398513317108,0.3111933469772339
29,2,0.007195472717285156,0.8415564298629761,2.4539096355438232,0.00038427114486694336,0.29249152541160583,1.1212190389633179,0.017116427421569824,0.13120687007904053,0.21056771278381348
29,3,0.00910031795501709,0.46392589807510376,1.6683210134506226,0.006986379623413086,0.21967974305152893,0.7234375476837158,0.023852109909057617,0.053151685744524,0.09263110160827637
29,4,0.02062046527862549,0.36419427394866943,1.266734004020691,0.024077892303466797,0.18219152092933655,0.44702374935150146,0.010677099227905273,0.022711196914315224,0.03895974159240723
30,0,0.013864010572433472,0.21913394331932068,0.8218576908111572,0.001215517520904541,0.09570176154375076,0.2955702543258667,0.00954437255859375,0.015454729087650776,0.023047804832458496
30,1,0.028374910354614258,0.5160017609596252,1.3649545907974243,0.013149857521057129,0.2510395646095276,0.7348580360412598,0.0013661384582519531,0.022097745910286903,0.057332754135131836
30,2,0.021817564964294434,0.40561309456825256,1.1315193176269531,0.005739189684391022,0.21309374272823334,0.647371768951416,0.06895327568054199,0.10449683666229248,0.15127813816070557
30,3,0.001238018274307251,0.38629525899887085,1.5188862085342407,0.0027268528938293457,0.14250445365905762,0.4281308650970459,0.002423524856567383,0.004363834857940674,0.007185161113739014
30,4,0.0020761489868164062,0.34203922748565674,1.153351902961731,0.013811901211738586,0.13920250535011292,0.3747825622558594,0.0006325244903564453,0.018417099490761757,0.04774373769760132
31,0,0.0037567317485809326,0.9964731931686401,2.550374984741211,0.07541090250015259,0.5988532304763794,1.6626935005187988,0.04626274108886719,0.1428971290588379,0.24057793617248535
31,1,0.009035050868988037,0.5051864385604858,1.1231451034545898,0.0012383460998535156,0.28121790289878845,0.7750743627548218,0.04695606231689453,0.05516715720295906,0.0643913745880127
31,2,0.0020757317543029785,0.19050434231758118,0.5523756742477417,0.00556635856628418,0.07606001943349838,0.1985321342945099,0.047027587890625,0.06230680271983147,0.07554817199707031
31,3,0.01623249053955078,0.2431817352771759,0.6770925521850586,0.009622961282730103,0.14158356189727783,0.39264994859695435,0.1341571807861328,0.20050565898418427,0.27748870849609375
31,4,0.007484853267669678,0.6562020182609558,1.6976594924926758,0.007007263600826263,0.18019381165504456,0.6063550710678101,0.01807689666748047,0.027442296966910362,0.033893585205078125
32,0,0.011795520782470703,0.19855749607086182,0.5614655613899231,0.011907078325748444,0.08367569744586945,0.23376333713531494,0.015612125396728516,0.035757023841142654,0.05339765548706055
32,1,0.009818613529205322,0.45398014783859253,1.3968968391418457,0.006176471710205078,0.26896175742149353,0.5736188888549805,0.016309738159179688,0.03918333724141121,0.07060515880584717
32,2,0.007832527160644531,0.3339391052722931,0.8670694231987,0.0035369396209716797,0.16642674803733826,0.44745194911956787,0.08923065662384033,0.1381891965866089,0.20348405838012695
32,3,0.0025521516799926758,0.12653234601020813,0.4347621202468872,0.0017802715301513672,0.05714483931660652,0.1454988718032837,0.0005800724029541016,0.0016106367111206055,0.002280592918395996
32,4,0.03432333469390869,0.846506655216217,2.1319634914398193,0.016789644956588745,0.45348531007766724,1.173818826675415,0.32502031326293945,0.40167757868766785,0.46242761611938477
33,0,0.00028121471405029297,0.1917591392993927,0.6801782846450806,0.004785478115081787,0.08752276003360748,0.2453007698059082,0.04845619201660156,0.06822443008422852,0.09407615661621094
33,1,0.01815807819366455,0.3984100818634033,1.2174437046051025,0.01273345947265625,0.21934638917446136,0.7241625785827637,0.03282177448272705,0.05717988684773445,0.07049298286437988
33,2,0.00438535213470459,0.1420535296201706,0.505974531173706,0.005675524473190308,0.051911745220422745,0.1523890197277069,0.004239678382873535,0.0069953203201293945,0.008983612060546875
33,3,0.014690399169921875,0.38673290610313416,1.145267128944397,0.006730884313583374,0.20544195175170898,0.5040398836135864,0.03623473644256592,0.04793767258524895,0.06342029571533203
33,4,0.003459632396697998,0.2466539740562439,0.6876387000083923,0.005623221397399902,0.12202627956867218,0.3789162039756775,0.0494844913482666,0.05860479548573494,0.06738138198852539
34,0,0.007556319236755371,0.5042399764060974,1.5386953353881836,0.02098405361175537,0.15017417073249817,0.3856302499771118,0.031237363815307617,0.05093170329928398,0.07646715641021729
34,1,0.002003699541091919,0.1701284646987915,0.6025489568710327,0.005620419979095459,0.07464304566383362,0.19299745559692383,7.462501525878906e-05,0.00013373295951168984,0.000225067138671875
34,2,0.034068942070007324,0.5652250647544861,2.1674811840057373,0.018418073654174805,0.1737876832485199,0.4497532844543457,0.014064550399780273,0.022204020991921425,0.032385826110839844
34,3,0.051766544580459595,0.5742205381393433,2.2248713970184326,0.002140909433364868,0.1782258152961731,0.3957269787788391,0.05347108840942383,0.09746953099966049,0.1291806697845459
34,4,0.03058028221130371,0.40922683477401733,1.145630121231079,0.018451601266860962,0.22318165004253387,0.6182186603546143,0.015532076358795166,0.02408808469772339,0.038453102111816406
35,0,0.017990708351135254,0.5667492151260376,1.539394497871399,0.003368973731994629,0.35228854417800903,1.0997910499572754,0.027727246284484863,0.053013045340776443,0.0656590461730957
35,1,0.00027060508728027344,0.3435494601726532,0.9700461626052856,0.007079362869262695,0.19296368956565857,0.5830930471420288,0.16576766967773438,0.23530955612659454,0.3190014362335205
35,2,0.02481710910797119,0.727130115032196,2.1444461345672607,0.007320284843444824,0.4307294189929962,1.4343454837799072,0.005671024322509766,0.030254602432250977,0.04258131980895996
35,3,0.013738632202148438,0.6420817971229553,1.616071343421936,0.019527435302734375,0.2930442988872528,0.8016929626464844,0.05829310417175293,0.07485628128051758,0.08610153198242188
35,4,0.030439138412475586,0.6642274856567383,1.8301441669464111,0.014890193939208984,0.423229455947876,1.1434468030929565,0.059223294258117676,0.07252665609121323,0.08710384368896484
36,0,0.024689137935638428,0.30168235301971436,0.7292890548706055,0.009542644023895264,0.09122844785451889,0.2534288167953491,0.0381464958190918,0.048546452075242996,0.06879675388336182
36,1,3.075599670410156e-05,0.07039563357830048,0.17646922171115875,0.002079874277114868,0.029109226539731026,0.07534919679164886,0.0012254714965820312,0.002062002895399928,0.0033309459686279297
36,2,0.004405707120895386,0.3550225496292114,0.9698511958122253,0.020290106534957886,0.22737731039524078,0.6480314135551453,0.10585510730743408,0.11147809028625488,0.1170797348022461
36,3,0.003284744918346405,0.11761406809091568,0.30794769525527954,0.0016651898622512817,0.050209932029247284,0.12606312334537506,0.0031717419624328613,0.005535483360290527,0.008729755878448486
36,4,0.005805402994155884,0.3143574893474579,1.1856143474578857,0.0015666335821151733,0.11344468593597412,0.30600184202194214,0.006801247596740723,0.008793075568974018,0.011998414993286133
37,0,0.0026305317878723145,0.6525182723999023,1.5773613452911377,0.006268799304962158,0.3054412603378296,0.9489625692367554,0.08942508697509766,0.12298768013715744,0.15834644436836243
37,1,0.03376692533493042,0.8054549098014832,2.430788516998291,0.021921396255493164,0.321978360414505,0.9181127548217773,0.05812573432922363,0.09376707673072815,0.12993523478507996
37,2,0.015988588333129883,0.4852180480957031,1.9534357786178589,0.0018252134323120117,0.20418038964271545,0.5042661428451538,0.014777421951293945,0.022507956251502037,0.030686765909194946
37,3,0.01583874225616455,0.6356651782989502,1.7470567226409912,0.007056176662445068,0.3317999243736267,0.8110442161560059,0.012427091598510742,0.09503042697906494,0.23328126966953278
37,4,0.0009791851043701172,0.5110250115394592,1.9374600648880005,0.007233917713165283,0.24112117290496826,0.5412402153015137,0.029089927673339844,0.05315495654940605,0.08968022465705872
38,0,0.04208827018737793,0.34151139855384827,0.9653497934341431,0.0007693767547607422,0.1338631510734558,0.42883598804473877,0.03280901908874512,0.04669690132141113,0.05460929870605469
38,1,0.033396363258361816,0.4651547074317932,1.194123387336731,0.019458770751953125,0.168535977602005,0.6490781903266907,0.017369985580444336,0.030405202880501747,0.04167509078979492
38,2,0.004218578338623047,0.27515679597854614,0.8238757848739624,0.0070645809173583984,0.1813305914402008,0.35596343874931335,0.05327796936035156,0.14473803341388702,0.21540355682373047
38,3,0.018236786127090454,0.4003269076347351,1.1502074003219604,0.005436327308416367,0.15211987495422363,0.5141898393630981,0.01232600212097168,0.018349329009652138,0.02577948570251465
38,4,0.004865139722824097,0.31629782915115356,0.805485725402832,0.0074981749057769775,0.1174168586730957,0.34127098321914673,0.02587127685546875,0.04056616500020027,0.051161766052246094
39,0,0.008436545729637146,0.9143825769424438,3.717960834503174,0.004779309034347534,0.4324924945831299,1.0734659433364868,0.0717015266418457,0.09032342582941055,0.12249106168746948
39,1,0.0010613799095153809,0.6496575474739075,2.6269819736480713,0.03158503770828247,0.30045226216316223,0.7280163168907166,0.02877020835876465,0.04279940947890282,0.061142802238464355
39,2,0.003938436508178711,0.4696316421031952,1.3662724494934082,0.0035856664180755615,0.22662359476089478,0.5645334720611572,0.04863941669464111,0.07886453717947006,0.1167069673538208
39,3,0.007795363664627075,0.6003702282905579,2.215000629425049,0.020047307014465332,0.283041775226593,0.7160146236419678,0.03541994094848633,0.05962026119232178,0.09244167804718018
39,4,0.01670992374420166,0.7425367832183838,1.9269559383392334,0.06294459104537964,0.4562939405441284,1.2031255960464478,0.06861814856529236,0.12930609285831451,0.21887356042861938
40,0,0.006271839141845703,0.7106884717941284,2.442476511001587,0.00922393798828125,0.25030285120010376,0.8267204761505127,0.03375577926635742,0.05858977511525154,0.09496176242828369
40,1,0.03577587008476257,0.6950730085372925,1.715701937675476,0.01473855972290039,0.31946924328804016,0.9767377376556396,0.08392953872680664,0.1345159411430359,0.19493120908737183
40,2,0.015359759330749512,0.3077602982521057,1.0074191093444824,0.006633639335632324,0.19445225596427917,0.47186899185180664,0.032881736755371094,0.06517648696899414,0.11384522914886475
40,3,0.015513896942138672,0.22314924001693726,0.6870211362838745,0.0003275871276855469,0.1314237415790558,0.3625408411026001,0.13275766372680664,0.1681644320487976,0.21421867609024048
40,4,0.007398486137390137,0.16299498081207275,0.3841811716556549,0.00910717248916626,0.08313872665166855,0.28130340576171875,0.0021909475326538086,0.0042139687575399876,0.006227016448974609
41,0,0.012440204620361328,0.5489996671676636,2.1240904331207275,0.00495225191116333,0.253373920917511,0.5821859836578369,0.012454748153686523,0.01530599594116211,0.018255949020385742
41,1,0.09911108016967773,0.6278994679450989,1.5891361236572266,0.020549774169921875,0.2912837862968445,0.8784320950508118,0.03543376922607422,0.048188209533691406,0.05499744415283203
41,2,0.005727648735046387,0.5590541362762451,1.5310695171356201,0.0016757845878601074,0.3469378650188446,0.886078417301178,0.12971901893615723,0.1740313023328781,0.213637113571167
41,3,0.01125037670135498,0.5472543239593506,1.6556739807128906,0.007264494895935059,0.34549903869628906,1.024381399154663,0.04097580909729004,0.10065563768148422,0.13639616966247559
41,4,0.0009753704071044922,0.9313533306121826,3.144329309463501,0.03188133239746094,0.526598334312439,1.2098915576934814,0.19562482833862305,0.38536199927330017,0.6399166584014893
42,0,0.0010824203491210938,0.12878639996051788,0.4483182728290558,0.00019252300262451172,0.056634534150362015,0.14178699254989624,0.0004334449768066406,0.014234204776585102,0.0313759446144104
42,1,0.003045409917831421,0.24313625693321228,0.8296831846237183,0.006980970501899719,0.10095303505659103,0.295121431350708,0.021811962127685547,0.03350013494491577,0.04786008596420288
42,2,0.02224138379096985,0.2970125079154968,1.1079164743423462,0.008609339594841003,0.12253858894109726,0.2949364185333252,0.0075435638427734375,0.02793966792523861,0.06665763258934021
42,3,0.01529771089553833,0.4807910919189453,1.278734564781189,0.010481476783752441,0.26368847489356995,0.7210996150970459,0.025856733322143555,0.047620803117752075,0.08345088362693787
42,4,0.005494356155395508,0.17830128967761993,0.6365463733673096,0.00012103468179702759,0.08100001513957977,0.22252249717712402,0.0039038658142089844,0.006157398223876953,0.009295344352722168
43,0,0.0045105814933776855,0.22889529168605804,0.6339085102081299,0.0008234977722167969,0.12503692507743835,0.3164248466491699,0.015147209167480469,0.03389422222971916,0.06281423568725586
43,1,0.052313923835754395,0.8087289929389954,1.9855351448059082,0.011711537837982178,0.3519827723503113,1.0780327320098877,0.08328580856323242,0.1367129534482956,0.19539466500282288
43,2,0.002550646662712097,0.26453155279159546,0.90838623046875,0.0031876564025878906,0.1471182405948639,0.3783814609050751,0.07320880889892578,0.09895280748605728,0.1503516435623169
43,3,0.010695815086364746,0.5720337629318237,1.5962222814559937,0.027818679809570312,0.31228306889533997,0.9236693382263184,0.11130309104919434,0.16501574218273163,0.2415400743484497
43,4,0.03601256012916565,0.5031918287277222,1.0883533954620361,0.0014464855194091797,0.2180764079093933,0.7161924839019775,0.056557416915893555,0.08898381143808365,0.13142669200897217
44,0,0.006279587745666504,0.14358432590961456,0.39711514115333557,0.006277352571487427,0.0693453848361969,0.23361563682556152,0.0998067855834961,0.1048288568854332,0.11357426643371582
44,1,0.0415111780166626,0.7963805198669434,2.103612184524536,0.054621219635009766,0.3728753328323364,0.9213879108428955,0.1146080493927002,0.17325060069561005,0.26430559158325195
44,2,0.013219498097896576,0.22942109405994415,0.717378556728363,0.013417243957519531,0.107841357588768,0.26295214891433716,0.014012336730957031,0.024375179782509804,0.03976142406463623
44,3,0.0015187263488769531,0.14503273367881775,0.45179611444473267,4.2378902435302734e-05,0.06252431869506836,0.18239620327949524,0.0033698081970214844,0.005632797721773386,0.009140372276306152
44,4,0.007632076740264893,0.2796318829059601,0.6853765249252319,0.0020363926887512207,0.10706504434347153,0.25374358892440796,0.015562295913696289,0.02788468264043331,0.04533708095550537
45,0,0.01006859540939331,0.3696199357509613,0.7700913548469543,0.019433200359344482,0.13783586025238037,0.34186339378356934,0.039655327796936035,0.06519000232219696,0.09552550315856934
45,1,0.005386531352996826,0.24861468374729156,0.5173327922821045,0.005711942911148071,0.09624748677015305,0.2145918309688568,0.018046975135803223,0.02977849543094635,0.04651141166687012
45,2,0.015016555786132812,0.26933276653289795,0.7529149055480957,0.013280987739562988,0.13635864853858948,0.44056689739227295,0.057026028633117676,0.06289226561784744,0.06700193881988525
45,3,0.00026476383209228516,0.05318593233823776,0.14462915062904358,5.841255187988281e-05,0.024682912975549698,0.06634354591369629,0.003488302230834961,0.005041157361119986,0.007361710071563721
45,4,0.02505570650100708,0.27422115206718445,0.5422753095626831,0.0004048198461532593,0.10366963595151901,0.2352783977985382,0.022125959396362305,0.034468088299036026,0.05131840705871582
46,0,0.007775306701660156,0.5831301808357239,1.5508124828338623,0.015814661979675293,0.2948950529098511,0.9031256437301636,0.09399384260177612,0.25438565015792847,0.48416435718536377
46,1,5.760788917541504e-05,0.059701066464185715,0.1571682095527649,0.0005540251731872559,0.044425107538700104,0.1101224422454834,0.04880785942077637,0.07323122769594193,0.0865793526172638
46,2,0.007489055395126343,0.47935643792152405,1.8646293878555298,0.0015321969985961914,0.2414701282978058,0.5465763807296753,0.18401068449020386,0.28735145926475525,0.3942631483078003
46,3,0.011345148086547852,0.5443604588508606,1.709110140800476,0.015463992953300476,0.2659021019935608,0.6226640939712524,0.015896379947662354,0.16792823374271393,0.3470499515533447
46,4,0.03419029712677002,0.35431185364723206,0.9003046154975891,0.008289813995361328,0.18037469685077667,0.6430121660232544,0.07470965385437012,0.10836591571569443,0.15338152647018433
47,0,0.003867626190185547,0.20922259986400604,0.5478671789169312,0.0038449764251708984,0.09427925944328308,0.22998040914535522,0.049243032932281494,0.07300140708684921,0.10252761840820312
47,1,0.008122146129608154,0.5460510849952698,1.8685411214828491,0.0007385015487670898,0.17003029584884644,0.6787787675857544,0.004317283630371094,0.007546226028352976,0.012377500534057617
47,2,0.007392287254333496,0.4531041383743286,1.2594952583312988,0.012472748756408691,0.1912638545036316,0.5223948359489441,0.04124808311462402,0.06303048133850098,0.09315276145935059
47,3,0.026547908782958984,1.1316646337509155,4.287670612335205,0.0039043426513671875,0.3096044957637787,0.9315652251243591,0.024462461471557617,0.04102937504649162,0.06538081169128418
47,4,0.0001512765884399414,0.052302971482276917,0.19780921936035156,0.0008901059627532959,0.030673105269670486,0.08103221654891968,0.0061643123626708984,0.008810043334960938,0.012907147407531738
48,0,0.001257181167602539,0.35620298981666565,1.00259268283844,0.003855466842651367,0.11628323048353195,0.45536577701568604,0.003852367401123047,0.014112234115600586,0.026728153228759766
48,1,0.045644521713256836,0.49686604738235474,1.5056581497192383,0.014416217803955078,0.2528417706489563,0.5918700695037842,0.058587074279785156,0.0804089680314064,0.09293246269226074
48,2,0.000950932502746582,0.5763623714447021,1.805561900138855,0.0034728944301605225,0.30576735734939575,0.9922817349433899,0.007868289947509766,0.046837806701660156,0.09025907516479492
48,3,0.09963345527648926,0.4408215582370758,1.1617059707641602,0.006206870079040527,0.2138163149356842,0.6663053631782532,0.053061485290527344,0.07903695106506348,0.09329652786254883
48,4,0.023519277572631836,0.6135521531105042,1.4945337772369385,0.03575396537780762,0.2651965916156769,0.7262163162231445,0.004820823669433594,0.02355027198791504,0.04932761192321777
49,0,0.008009165525436401,0.2924853265285492,1.0780802965164185,0.010885268449783325,0.1632821410894394,0.4409022331237793,0.018015027046203613,0.031916260719299316,0.039031982421875
49,1,0.00023484230041503906,0.13997067511081696,0.4979534149169922,0.0029352307319641113,0.08644044399261475,0.19166487455368042,0.002802133560180664,0.007765412330627441,0.012762784957885742
49,2,0.000840306282043457,0.07207542657852173,0.19268035888671875,0.002777099609375,0.04112894833087921,0.11741995811462402,0.00708770751953125,0.020850220695137978,0.03391432762145996
49,3,0.014398336410522461,0.2832588255405426,0.8466613292694092,0.0007815361022949219,0.17296993732452393,0.5574060678482056,0.06659245491027832,0.08560188859701157,0.09528982639312744
49,4,0.0014815330505371094,1.1382873058319092,3.299872398376465,0.020792126655578613,0.28548112511634827,0.9051303267478943,0.011069655418395996,0.015429377555847168,0.022954940795898438
50,0,0.020395517349243164,0.23781515657901764,0.9064164161682129,0.013797253370285034,0.09217853844165802,0.254410982131958,0.0002536773681640625,0.002552330493927002,0.006684482097625732
50,1,0.002360224723815918,0.16425174474716187,0.5749419331550598,0.003316342830657959,0.06431647390127182,0.21612566709518433,0.06744670867919922,0.10483161360025406,0.14124953746795654
50,2,0.0035715699195861816,0.1605401635169983,0.436590313911438,0.004317045211791992,0.07249371707439423,0.26941967010498047,0.1206783652305603,0.12782670557498932,0.14157593250274658
50,3,0.04716777801513672,0.37814784049987793,0.8511521816253662,0.003084123134613037,0.18305529654026031,0.6178250312805176,0.048980712890625,0.07746545225381851,0.11487686634063721
50,4,0.005304217338562012,0.21567736566066742,0.6269136667251587,0.008024036884307861,0.10845588892698288,0.26761579513549805,0.011807918548583984,0.019767820835113525,0.030494272708892822
51,0,0.002799391746520996,0.10466472804546356,0.39205312728881836,0.005019664764404297,0.05250890180468559,0.12030017375946045,0.0036716461181640625,0.008913596160709858,0.01304936408996582
51,1,0.002432107925415039,0.1854133903980255,0.5627539157867432,0.002271413803100586,0.1026763916015625,0.22187203168869019,0.014908075332641602,0.03580300137400627,0.049466609954833984
51,2,0.00893092155456543,0.8003226518630981,2.281555652618408,0.01603597402572632,0.5073108673095703,1.2883965969085693,0.05363297462463379,0.11813735961914062,0.15073275566101074
51,3,0.005061209201812744,0.4174615740776062,1.0808970928192139,0.0007152557373046875,0.16232971847057343,0.4014807343482971,0.07729625701904297,0.09961092472076416,0.1253514289855957
51,4,0.005461692810058594,0.5572595000267029,1.4414608478546143,0.00010919570922851562,0.26462000608444214,1.0611917972564697,0.056720733642578125,0.07060154527425766,0.0806112289428711
52,0,0.010378658771514893,0.25977838039398193,0.7879964709281921,0.01144060492515564,0.11849483102560043,0.2527976632118225,0.0006067752838134766,0.0016530752182006836,0.002325892448425293
52,1,0.011491179466247559,0.25659579038619995,0.759280264377594,0.005149126052856445,0.13814684748649597,0.34006303548812866,0.0596766471862793,0.08182378858327866,0.1019754409790039
52,2,0.0075577497482299805,0.2610386312007904,1.0140942335128784,0.008791089057922363,0.10898648202419281,0.25059401988983154,0.01633453369140625,0.029827594757080078,0.03809380531311035
52,3,0.01577979326248169,0.6605236530303955,1.608281135559082,0.01317182183265686,0.34336745738983154,0.9808656573295593,0.09282541275024414,0.1388530284166336,0.1629706621170044
52,4,0.0037351250648498535,0.2850661873817444,0.8746957778930664,0.0006725788116455078,0.1371450275182724,0.4836943745613098,0.049952030181884766,0.09528744220733643,0.15444016456604004
53,0,0.0012488365173339844,0.399055540561676,0.8569084405899048,0.008196517825126648,0.15238983929157257,0.42717018723487854,0.0010352134704589844,0.002192894695326686,0.003549337387084961
53,1,0.017022371292114258,0.8917525410652161,2.9323270320892334,0.003945678472518921,0.2437455654144287,0.5394082069396973,0.023398399353027344,0.04119269177317619,0.07079529762268066
53,2,0.0012121498584747314,0.3412567973136902,1.2345975637435913,0.03059878945350647,0.25376272201538086,0.627513587474823,0.06500935554504395,0.10765901952981949,0.19147109985351562
53,3,0.01579105854034424,0.31240114569664,0.7654738426208496,0.0030967891216278076,0.12895044684410095,0.33181583881378174,0.006089687347412109,0.011346499435603619,0.018024325370788574
53,4,0.0008958876132965088,0.3321250081062317,1.097670078277588,6.271898746490479e-05,0.13571399450302124,0.5182861685752869,0.007755279541015625,0.011570175178349018,0.01724541187286377
54,0,0.00334736704826355,0.30816036462783813,0.8327369093894958,0.003872811794281006,0.14974866807460785,0.48082470893859863,0.052197933197021484,0.08395186066627502,0.12377235293388367
54,1,0.008387446403503418,0.7259558439254761,1.8301198482513428,0.005575001239776611,0.30476877093315125,0.8167921304702759,0.0034248530864715576,0.0036856234073638916,0.004098176956176758
54,2,0.003447592258453369,0.1594817340373993,0.6252120733261108,0.00198248028755188,0.0743304044008255,0.18520498275756836,0.00461345911026001,0.011637468822300434,0.017604827880859375
54,3,0.0013232231140136719,0.07404211163520813,0.203224778175354,0.0010529756546020508,0.03700418770313263,0.11975932121276855,0.011434316635131836,0.019256889820098877,0.03084629774093628
54,4,0.004447340965270996,0.20238851010799408,0.6820888519287109,0.0024133026599884033,0.10684176534414291,0.27900683879852295,0.018324851989746094,0.02974451519548893,0.04556122422218323
55,0,0.015559971332550049,0.3593013882637024,0.9956504702568054,0.006669342517852783,0.19529366493225098,0.5076870322227478,0.11642861366271973,0.1642957478761673,0.23020601272583008
55,1,0.004674077033996582,0.40464890003204346,1.008113980293274,0.010825276374816895,0.15412437915802002,0.45701053738594055,0.08175230026245117,0.11473894119262695,0.14641642570495605
55,2,0.008425474166870117,0.3079445958137512,0.8290789723396301,0.005265533924102783,0.10733410716056824,0.21956314146518707,0.022728443145751953,0.032718777656555176,0.04071640968322754
55,3,0.0011494755744934082,0.7205522060394287,1.6803345680236816,0.0026886463165283203,0.41246405243873596,1.0367432832717896,0.17111825942993164,0.24800419807434082,0.32833290100097656
55,4,0.013418734073638916,0.8160250782966614,1.7758886814117432,0.0034151077270507812,0.44954437017440796,1.0675203800201416,0.2131328582763672,0.2506312429904938,0.29329490661621094
56,0,0.004737257957458496,0.16179026663303375,0.5492779016494751,0.0060991644859313965,0.07490219920873642,0.26319366693496704,0.05811500549316406,0.0917227491736412,0.12008380889892578
56,1,0.023238778114318848,0.8940810561180115,3.2396397590637207,0.046061158180236816,0.36787229776382446,0.9157736301422119,0.036969661712646484,0.05621655657887459,0.06804251670837402
56,2,0.012366771697998047,0.9953370690345764,2.8774871826171875,0.036729633808135986,0.44577398896217346,1.1396732330322266,0.1657390594482422,0.569579005241394,1.1344819068908691
56,3,0.000605359673500061,0.042341068387031555,0.11468732357025146,0.0006537437438964844,0.02718150056898594,0.08011642098426819,0.04712963104248047,0.06617352366447449,0.08361244201660156
56,4,0.003304600715637207,0.5934305787086487,2.321239948272705,0.002756550908088684,0.19543318450450897,0.5644734501838684,0.016794204711914062,0.04977167770266533,0.09647956490516663
57,0,0.0026751160621643066,0.22416841983795166,0.6270357370376587,0.0008311271667480469,0.1095258891582489,0.2788422703742981,0.03227591514587402,0.05293432995676994,0.06656217575073242
57,1,0.041564226150512695,0.47322195768356323,1.7541234493255615,0.004940509796142578,0.2595776319503784,0.6385864019393921,0.14267945289611816,0.22474320232868195,0.33405256271362305
57,2,0.005181312561035156,0.23884019255638123,0.7317894697189331,0.01812151074409485,0.11930632591247559,0.2679901123046875,0.003297090530395508,0.014817953109741211,0.023492813110351562
57,3,0.008853316307067871,0.5276791453361511,1.3052875995635986,0.01196238398551941,0.26470693945884705,0.6819295883178711,0.06211280822753906,0.0705634355545044,0.08331751823425293
57,4,0.044575631618499756,0.5708866715431213,1.308781623840332,0.005899667739868164,0.33191314339637756,0.7738851308822632,0.0410083532333374,0.06253906339406967,0.09671640396118164
58,0,0.003986775875091553,0.14771200716495514,0.414471298456192,0.00240325927734375,0.0834968239068985,0.24274972081184387,0.03440666198730469,0.044626396149396896,0.055034637451171875
58,1,0.003741741180419922,0.3627806305885315,1.0121508836746216,0.017723530530929565,0.2117597460746765,0.6431285738945007,0.10595870018005371,0.13368554413318634,0.1721656322479248
58,2,0.0003967583179473877,0.42951107025146484,1.6840753555297852,0.007828831672668457,0.1730092167854309,0.4741596579551697,0.0046007633209228516,0.008458614349365234,0.010806083679199219
58,3,0.010689496994018555,0.3304678201675415,0.8362340927124023,0.014096498489379883,0.16508005559444427,0.638843297958374,0.006584644317626953,0.013445854187011719,0.020757675170898438
58,4,0.00024181604385375977,0.19295988976955414,0.5464271306991577,0.00020837783813476562,0.08260481059551239,0.21266157925128937,0.022861957550048828,0.03148408606648445,0.03590071201324463
59,0,0.028345823287963867,0.16643910109996796,0.42971450090408325,0.0009927749633789062,0.07983557134866714,0.2868227958679199,0.03310132026672363,0.045896563678979874,0.06288371980190277
59,1,0.00091552734375,0.6434511542320251,2.379258632659912,0.007516592741012573,0.3201146721839905,0.6876189708709717,0.06614542007446289,0.09446918964385986,0.13459575176239014
59,2,0.004690647125244141,0.27821290493011475,0.628989577293396,0.002896904945373535,0.1256292760372162,0.39394211769104004,0.04977881908416748,0.057424288243055344,0.061646461486816406
59,3,0.00018867850303649902,0.04787994548678398,0.15234161913394928,0.0013369321823120117,0.01987335830926895,0.05101513862609863,0.003825664520263672,0.0061418116092681885,0.009309500455856323
59,4,0.0015256404876708984,0.3881162405014038,1.05698823928833,0.0075408220291137695,0.15163499116897583,0.4850102663040161,0.016645431518554688,0.024013260379433632,0.03479653596878052
60,0,0.002309858798980713,0.1210552453994751,0.39879703521728516,0.0001786649227142334,0.07447435706853867,0.15575571358203888,0.001224517822265625,0.004477461334317923,0.007840514183044434
60,1,0.035095930099487305,0.45208799839019775,1.626548171043396,0.006599545478820801,0.2085542380809784,0.6242467164993286,0.008314967155456543,0.02841063402593136,0.04797542095184326
60,2,0.004629611968994141,0.28945228457450867,1.0834078788757324,0.00034314393997192383,0.16713938117027283,0.440579891204834,0.024276375770568848,0.044063013046979904,0.06489300727844238
60,3,0.009208738803863525,0.7568562030792236,2.70512056350708,0.009607672691345215,0.21297943592071533,0.7702968120574951,0.044098734855651855,0.07431081682443619,0.09575212001800537
60,4,0.0013365745544433594,0.8120161294937134,3.050130844116211,0.002351522445678711,0.2362251877784729,0.7220755815505981,0.0033991336822509766,0.004360357765108347,0.004913926124572754
61,0,0.008744359016418457,0.10846876353025436,0.29495739936828613,0.00018924474716186523,0.09707051515579224,0.24282974004745483,0.09126043319702148,0.2181505560874939,0.32320189476013184
61,1,0.00929415225982666,0.5714856386184692,1.5248066186904907,0.005526989698410034,0.29097285866737366,0.8616228103637695,0.13112688064575195,0.18293315172195435,0.20890188217163086
61,2,0.0012540817260742188,0.2231580764055252,0.7363921999931335,0.00308990478515625,0.09094711393117905,0.24756908416748047,0.0055182576179504395,0.02229573391377926,0.03583168983459473
61,3,0.013110697269439697,0.3711167871952057,1.3387672901153564,0.004089385271072388,0.12326215952634811,0.3646615147590637,0.007014274597167969,0.011396835558116436,0.016764014959335327
61,4,0.00047707557678222656,0.2301608771085739,0.49134862422943115,0.0025496482849121094,0.10944658517837524,0.3176591396331787,0.028082728385925293,0.05805647373199463,0.08326864242553711
62,0,0.004600882530212402,0.2594450116157532,0.9421108961105347,0.00022089481353759766,0.12283723056316376,0.37285852432250977,0.009166717529296875,0.016440927982330322,0.026461422443389893
62,1,0.012210696935653687,0.4527007043361664,1.7775582075119019,0.0058869123458862305,0.1657809615135193,0.44074153900146484,0.001485586166381836,0.006896833423525095,0.016317427158355713
62,2,0.008430898189544678,0.4697585701942444,1.317099928855896,0.00022929906845092773,0.23597460985183716,0.820897102355957,0.0003600120544433594,0.0004222393035888672,0.0005233287811279297
62,3,0.014016926288604736,0.29649874567985535,0.8643755912780762,0.00016990303993225098,0.10647691041231155,0.4053962230682373,0.026583194732666016,0.04297415539622307,0.06642758846282959
62,4,0.011797189712524414,0.4450896084308624,1.439764380455017,0.01517874002456665,0.17793747782707214,0.6463019847869873,0.051854491233825684,0.08166881650686264,0.11351370811462402
63,0,0.0005564689636230469,0.19958820939064026,0.6075143814086914,0.006161808967590332,0.09550606459379196,0.23479469120502472,0.006318330764770508,0.012482781894505024,0.021258533000946045
63,1,0.04111748933792114,0.7443482279777527,1.882853627204895,0.009119987487792969,0.3257780075073242,1.02964186668396,0.13994812965393066,0.19814817607402802,0.28867340087890625
63,2,0.0015523433685302734,0.19500398635864258,0.7408891320228577,0.0030195415019989014,0.0829327404499054,0.22420693933963776,0.0016865730285644531,0.0028731226921081543,0.004423677921295166
63,3,0.018692493438720703,0.32622289657592773,0.9120199680328369,0.002973794937133789,0.15167632699012756,0.41398125886917114,0.012543797492980957,0.09469020366668701,0.1525876522064209
63,4,0.017224520444869995,0.2815604507923126,1.0495048761367798,0.001591026782989502,0.11759549379348755,0.38537898659706116,0.005868196487426758,0.009592831134796143,0.014677107334136963
64,0,0.01929616928100586,0.506946325302124,1.4644644260406494,0.026081085205078125,0.24807287752628326,0.7820438146591187,0.003909111022949219,0.025076061487197876,0.0653207004070282
64,1,0.001667320728302002,0.3352375030517578,1.1775972843170166,0.007283389568328857,0.17858564853668213,0.4395914077758789,0.051209837198257446,0.1103040874004364,0.19286751747131348
64,2,0.0027750879526138306,0.29863598942756653,1.1618214845657349,0.008925795555114746,0.14001820981502533,0.36972445249557495,0.013911247253417969,0.04208194091916084,0.061182260513305664
64,3,0.015752732753753662,0.6447005271911621,1.4238064289093018,0.002845063805580139,0.328596830368042,1.018870234489441,0.02247142791748047,0.040691226720809937,0.0610521137714386
64,4,0.0036944150924682617,0.6275922060012817,1.3870923519134521,0.00452849268913269,0.3180452287197113,1.0306633710861206,0.01763772964477539,0.05936381220817566,0.11993733048439026
65,0,0.010342180728912354,0.6276655197143555,1.9402928352355957,0.011461615562438965,0.17174984514713287,0.5117131471633911,0.02200031280517578,0.03848133608698845,0.05988872051239014
65,1,0.0012840032577514648,0.33036378026008606,0.8352143168449402,0.0013077259063720703,0.1465146243572235,0.3928278088569641,0.0007266998291015625,0.0010518630733713508,0.0016993284225463867
65,2,0.00029754638671875,0.3392007052898407,0.9390722513198853,0.0023818016052246094,0.14095427095890045,0.3820258378982544,0.028111934661865234,0.04429757595062256,0.06668210029602051
65,3,0.0002003312110900879,0.31530332565307617,0.7521660327911377,0.005091488361358643,0.2169187217950821,0.6125420331954956,0.05184006690979004,0.07803485542535782,0.12775027751922607
65,4,0.02096034586429596,0.3254011273384094,0.9034808278083801,0.0027576684951782227,0.134080171585083,0.37314271926879883,0.002268552780151367,0.03150467202067375,0.08828437328338623
66,0,0.026986360549926758,0.5730375647544861,1.4020748138427734,0.0019797086715698242,0.3172774910926819,0.9011654257774353,0.35449862480163574,0.4531034529209137,0.5618407726287842
66,1,0.0022585391998291016,0.13410820066928864,0.42278802394866943,0.0010184049606323242,0.05287131294608116,0.15352952480316162,0.0016584396362304688,0.006639877799898386,0.010614156723022461
66,2,0.01109611988067627,0.27379459142684937,0.7828719615936279,0.00908517837524414,0.14480309188365936,0.38858503103256226,0.0028886795043945312,0.00784949492663145,0.011075377464294434
66,3,0.00014281272888183594,0.10130619257688522,0.4039957523345947,4.947185516357422e-05,0.0606263168156147,0.15346097946166992,0.062035560607910156,0.08471997827291489,0.12790393829345703
66,4,0.0030438899993896484,0.22838658094406128,0.5790292024612427,0.0015037059783935547,0.09465304017066956,0.2374158799648285,0.004706859588623047,0.017284950241446495,0.026528120040893555
67,0,0.029291749000549316,0.6098586320877075,2.006070613861084,0.00756680965423584,0.2312067747116089,0.6662580966949463,0.030140399932861328,0.045185286551713943,0.054144859313964844
67,1,0.006820797920227051,0.7249423265457153,2.0393753051757812,0.026384949684143066,0.32310736179351807,0.9733816385269165,0.047875404357910156,0.23118217289447784,0.43111515045166016
67,2,0.034813880920410156,0.36011433601379395,0.9488506317138672,0.005579710006713867,0.12665504217147827,0.3346841335296631,0.014800310134887695,0.03402547165751457,0.04523134231567383
67,3,0.0006074309349060059,0.4359827935695648,1.1876962184906006,0.005028963088989258,0.16530613601207733,0.5596415400505066,0.026333332061767578,0.04418269917368889,0.05621743202209473
67,4,0.0019530057907104492,0.2705523669719696,0.666062593460083,0.01242685317993164,0.10536175966262817,0.2772406339645386,0.005240440368652344,0.01901721954345703,0.02628040313720703
68,0,0.0016487836837768555,0.3669409155845642,1.213865041732788,0.010281801223754883,0.11609029024839401,0.35652562975883484,0.016672134399414062,0.03025299310684204,0.05089092254638672
68,1,0.01388859748840332,0.42369043827056885,0.9546465873718262,0.0027322769165039062,0.15775349736213684,0.42943501472473145,0.044981956481933594,0.07335537672042847,0.11105513572692871
68,2,0.03761225938796997,0.5729852318763733,1.3263086080551147,0.0013065338134765625,0.19860875606536865,0.6658666133880615,0.05417346954345703,0.08719342947006226,0.13227629661560059
68,3,0.007210731506347656,0.4714762568473816,1.0450470447540283,0.0006742477416992188,0.25261831283569336,0.8279445171356201,0.013409614562988281,0.022601565346121788,0.03647732734680176
68,4,0.00039947032928466797,0.5563209652900696,1.3975300788879395,0.03243553638458252,0.2995712161064148,0.859458863735199,0.22862982749938965,0.3444310426712036,0.5195261240005493
69,0,0.003675222396850586,0.12953567504882812,0.409274697303772,0.005135953426361084,0.06940530985593796,0.20844364166259766,0.01239776611328125,0.022364169359207153,0.036792248487472534
69,1,0.06668424606323242,0.6640363931655884,2.434581995010376,0.017209291458129883,0.21350347995758057,0.6213346123695374,0.012283802032470703,0.03529638051986694,0.07056838274002075
69,2,0.01092064380645752,0.25259748101234436,0.8569422960281372,0.0045092105865478516,0.13213030993938446,0.3615150451660156,0.009523868560791016,0.03133821487426758,0.07394552230834961
69,3,0.0037644505500793457,0.5611759424209595,2.110182762145996,0.01259613037109375,0.20155398547649384,0.5138649344444275,0.03134655952453613,0.06280579417943954,0.11253780126571655
69,4,0.0261765718460083,0.4327413737773895,1.5258818864822388,0.0014529228210449219,0.14948593080043793,0.36638152599334717,0.0339505672454834,0.052724193781614304,0.07797738909721375
70,0,0.0020627379417419434,0.4250853657722473,1.3012359142303467,0.017223358154296875,0.25278332829475403,0.5972339510917664,0.011024713516235352,0.028338870033621788,0.03966104984283447
70,1,0.006391763687133789,0.17253923416137695,0.5125753283500671,0.0006363391876220703,0.08465039730072021,0.19903826713562012,0.0043566226959228516,0.008249322883784771,0.010883331298828125
70,2,0.031220436096191406,0.31621453166007996,0.8463784456253052,0.003121614456176758,0.1138835921883583,0.3128957748413086,0.0062732696533203125,0.08012330532073975,0.1858079433441162
70,3,0.0026475191116333008,0.4024904668331146,1.177688717842102,0.00728839635848999,0.12738323211669922,0.3969787359237671,0.0046939849853515625,0.0062889656983315945,0.007850885391235352
70,4,0.0009731054306030273,0.44714123010635376,1.2262136936187744,0.0020074844360351562,0.17387256026268005,0.5984029769897461,0.035955190658569336,0.05445953086018562,0.07307648658752441
71,0,0.005166053771972656,0.17540378868579865,0.48666083812713623,0.003098100423812866,0.09832048416137695,0.27245986461639404,0.05839347839355469,0.07453874498605728,0.08725738525390625
71,1,0.0040283203125,0.30814602971076965,1.112146258354187,0.00593152642250061,0.1691315770149231,0.39159250259399414,0.05593276023864746,0.08767119795084,0.11016082763671875
71,2,0.007931947708129883,0.47818824648857117,1.3339588642120361,0.001471877098083496,0.2770400941371918,0.8011677265167236,0.2200322151184082,0.29241713881492615,0.4055366516113281
71,3,0.011461019515991211,0.45521414279937744,1.1776262521743774,0.007448062300682068,0.2197706550359726,0.5729317665100098,0.13540983200073242,0.20666944980621338,0.27888011932373047
71,4,0.0018135309219360352,0.28683021664619446,0.9729040861129761,0.0008840560913085938,0.145048126578331,0.36677002906799316,0.03420209884643555,0.05812704563140869,0.07591915130615234
72,0,0.004853367805480957,1.0711320638656616,2.6233906745910645,0.004306316375732422,0.5841934084892273,1.4106799364089966,0.19142818450927734,0.3246150016784668,0.4863319396972656
72,1,0.00020265579223632812,0.45944640040397644,1.0441533327102661,0.003055572509765625,0.2700805068016052,0.7619808912277222,0.24517464637756348,0.30700215697288513,0.35445690155029297
72,2,0.023922085762023926,0.595566987991333,1.3365848064422607,0.01259690523147583,0.3717717230319977,1.0775256156921387,0.24845266342163086,0.3246122896671295,0.36855363845825195
72,3,0.0013799667358398438,0.22205737233161926,0.659741997718811,0.0074555277824401855,0.11180070042610168,0.2968669533729553,0.007517814636230469,0.01061209011822939,0.015119075775146484
72,4,0.002192974090576172,0.08509231358766556,0.23678505420684814,0.0013895034790039062,0.043988510966300964,0.12507015466690063,0.012831687927246094,0.022023042663931847,0.03090667724609375
73,0,0.07998421788215637,0.6460791826248169,2.271029472351074,0.06832075119018555,0.36720404028892517,0.9311214685440063,0.08458232879638672,0.17514701187610626,0.3509618639945984
73,1,0.007920384407043457,0.48947271704673767,1.505412220954895,0.007114529609680176,0.22223861515522003,0.6811683177947998,0.0019464492797851562,0.003471851348876953,0.005815029144287109
73,2,0.002908855676651001,0.3996410369873047,1.258533239364624,0.013050079345703125,0.2110181748867035,0.5664798021316528,0.06335186958312988,0.08216384798288345,0.09946489334106445
73,3,0.012168467044830322,0.34991276264190674,0.9398866891860962,0.0012464523315429688,0.16657091677188873,0.47735488414764404,0.004584789276123047,0.06262216717004776,0.17175525426864624
73,4,0.0009255409240722656,0.7945400476455688,2.190094232559204,0.0165424644947052,0.3605636954307556,0.9772626161575317,0.08163738250732422,0.13245439529418945,0.19516289234161377
74,0,0.0005422830581665039,0.3985106945037842,1.0355174541473389,0.006867766380310059,0.25004857778549194,0.6837130784988403,0.13335156440734863,0.33775195479393005,0.46575093269348145
74,1,0.0415647029876709,0.39008018374443054,1.1312828063964844,0.03019416332244873,0.2103693187236786,0.692304253578186,0.2101595401763916,0.28823232650756836,0.3301725685596466
74,2,0.022220700979232788,0.4299148917198181,1.5531682968139648,0.01650334894657135,0.19984322786331177,0.565270185470581,0.2123410701751709,0.25522568821907043,0.3093411922454834
74,3,0.0015293657779693604,0.1055469959974289,0.28647276759147644,0.0005762577056884766,0.0542452335357666,0.13860276341438293,0.06468865275382996,0.08244775980710983,0.10722136497497559
74,4,0.00861118733882904,0.326211154460907,0.8773021697998047,0.0031414031982421875,0.13245487213134766,0.32781416177749634,0.006995201110839844,0.014350284822285175,0.025494426488876343
75,0,0.015885591506958008,0.5625630021095276,1.5154485702514648,0.0011119842529296875,0.3571610450744629,1.0900501012802124,0.1181178092956543,0.21455033123493195,0.29123473167419434
75,1,0.026208043098449707,0.4259406626224518,1.2602026462554932,0.021419450640678406,0.16128985583782196,0.461153507232666,0.07339072227478027,0.09047480672597885,0.1133425235748291
75,2,0.026673734188079834,0.8253984451293945,1.9388957023620605,0.008428454399108887,0.40788838267326355,1.0935856103897095,0.00748896598815918,0.05075220391154289,0.10372662544250488
75,3,0.00619053840637207,0.614759624004364,2.119142770767212,0.00118255615234375,0.2322591245174408,0.5783401727676392,0.11320614814758301,0.1612483710050583,0.20595288276672363
75,4,0.07574957609176636,0.6333575248718262,1.6995911598205566,0.007255136966705322,0.24395981431007385,0.5232788920402527,0.02006840705871582,0.03225819393992424,0.03960132598876953
76,0,0.010946989059448242,0.3205873668193817,1.2256767749786377,0.018397897481918335,0.11282934248447418,0.3288741707801819,0.0002796649932861328,0.0006605535745620728,0.0011388510465621948
76,1,0.008876800537109375,0.3435819149017334,0.8547089099884033,0.021446704864501953,0.15575076639652252,0.49711471796035767,0.012401342391967773,0.022785574197769165,0.03444477915763855
76,2,0.005163371562957764,0.4115501642227173,0.8670431971549988,0.02354869246482849,0.19268476963043213,0.5766848921775818,0.0165250301361084,0.029183685779571533,0.042387187480926514
76,3,0.029177844524383545,0.31403446197509766,0.7585828304290771,0.008054882287979126,0.16673043370246887,0.5234599709510803,0.019855737686157227,0.05281047895550728,0.09540191292762756
76,4,0.009304285049438477,0.14141251146793365,0.35738861560821533,0.0019435286521911621,0.060673728585243225,0.18394064903259277,0.016275405883789062,0.028868496417999268,0.04538911581039429
77,0,0.005874276161193848,0.3550070524215698,0.8086192607879639,0.003423333168029785,0.16370272636413574,0.5319330096244812,0.00844430923461914,0.018608301877975464,0.03131738305091858
77,1,0.0032469630241394043,0.3788052499294281,1.4724065065383911,0.01629471778869629,0.14930658042430878,0.34459590911865234,0.013375520706176758,0.022048434242606163,0.03359878063201904
77,2,0.011750578880310059,0.25642651319503784,0.7152879238128662,0.010549485683441162,0.13098609447479248,0.48236769437789917,0.004809141159057617,0.018871208652853966,0.04681366682052612
77,3,0.010073065757751465,0.4829334318637848,1.317713975906372,0.0018082857131958008,0.2419137805700302,0.8268470764160156,0.1252131462097168,0.14417126774787903,0.18131494522094727
77,4,0.0014811158180236816,0.4950833022594452,1.1463137865066528,0.01633131504058838,0.24939016997814178,0.7223587036132812,0.03531289100646973,0.08269969373941422,0.16175150871276855
78,0,0.009190797805786133,0.2809649407863617,0.7894989252090454,0.004197672009468079,0.10005499422550201,0.28798985481262207,0.05228018760681152,0.07220403105020523,0.10235071182250977
78,1,0.027103900909423828,0.5667234659194946,1.6978766918182373,0.027015209197998047,0.30392345786094666,0.6964361071586609,0.07006263732910156,0.10709992796182632,0.12995362281799316
78,2,0.03828626871109009,0.31402766704559326,0.934943675994873,0.014712810516357422,0.1600273847579956,0.36926281452178955,0.054789066314697266,0.07004225254058838,0.08816051483154297
78,3,0.005839705467224121,0.46478402614593506,1.5849473476409912,0.018225789070129395,0.2032701075077057,0.484917551279068,0.010127067565917969,0.036464888602495193,0.06046569347381592
78,4,0.0011281967163085938,0.37794074416160583,1.3796024322509766,0.007303833961486816,0.14116206765174866,0.36197197437286377,0.034810543060302734,0.040385644882917404,0.047754526138305664
79,0,0.027902424335479736,0.3622444272041321,0.8461810350418091,0.005271106958389282,0.15967479348182678,0.4822922945022583,0.05045890808105469,0.0815950557589531,0.1165168285369873
79,1,0.0005521774291992188,0.43093931674957275,1.729612112045288,0.0008046627044677734,0.17851367592811584,0.474928617477417,0.005767345428466797,0.010339617729187012,0.017063677310943604
79,2,0.0012611150741577148,0.25877845287323,0.9413973093032837,0.005279362201690674,0.11001331359148026,0.33331066370010376,0.0017273426055908203,0.002655585529282689,0.003977715969085693
79,3,0.001377701759338379,0.5544437766075134,2.049504280090332,0.021524518728256226,0.33758115768432617,0.8272920846939087,0.12157309055328369,0.1319803148508072,0.14550383388996124
79,4,0.0006031394004821777,0.3661839962005615,0.9872653484344482,0.009392976760864258,0.1919553130865097,0.5738381743431091,0.06862950325012207,0.10013919323682785,0.1367405652999878
80,0,0.012624144554138184,0.4298046827316284,1.0797245502471924,0.00467991828918457,0.2127820998430252,0.5877803564071655,0.07079601287841797,0.10476366430521011,0.12772560119628906
80,1,0.024988830089569092,0.35990697145462036,1.3449249267578125,0.007204651832580566,0.1541873663663864,0.46336209774017334,0.01558542251586914,0.024589398875832558,0.03677558898925781
80,2,0.044800758361816406,0.3937011957168579,1.4624450206756592,0.00405043363571167,0.18638981878757477,0.5128421187400818,0.041965484619140625,0.05412876605987549,0.06629955768585205
80,3,0.00042635202407836914,0.5488885641098022,1.4292962551116943,0.012913361191749573,0.29260778427124023,0.7555903196334839,0.04850488901138306,0.13329726457595825,0.290230393409729
80,4,0.002859771251678467,0.23862749338150024,0.7995905876159668,0.005362972617149353,0.11359481513500214,0.35618436336517334,0.023248672485351562,0.03819229081273079,0.05766803026199341
81,0,0.0066078901290893555,0.25216755270957947,0.57084059715271,0.0004620552062988281,0.10433097183704376,0.243255615234375,0.009986162185668945,0.018490811809897423,0.030964910984039307
81,1,0.021018028259277344,0.5742195844650269,1.3008416891098022,0.007492721080780029,0.2833525538444519,0.9078822135925293,0.00270920991897583,0.046191394329071045,0.07606792449951172
81,2,0.003588169813156128,0.34552597999572754,1.2664552927017212,0.0010333210229873657,0.1702498495578766,0.48654431104660034,0.02233600616455078,0.035147231072187424,0.053874969482421875
81,3,0.00042831897735595703,0.024446237832307816,0.05082714557647705,0.00011277198791503906,0.010422557592391968,0.03177154064178467,0.002154111862182617,0.0037948687095195055,0.006107926368713379
81,4,0.0015312433242797852,0.07355886697769165,0.221737340092659,0.000170975923538208,0.03743933141231537,0.09804284572601318,0.004365682601928711,0.007615347858518362,0.011818230152130127
82,0,0.004833042621612549,0.5115252733230591,2.007504940032959,0.006213665008544922,0.15286263823509216,0.5331076383590698,0.014618635177612305,0.020114371553063393,0.029552310705184937
82,1,0.012558221817016602,0.4185332655906677,1.6494781970977783,0.009885430335998535,0.13405340909957886,0.4156438112258911,0.003945589065551758,0.006103018764406443,0.00929996371269226
82,2,0.009312033653259277,0.4147731363773346,1.646843671798706,0.005347907543182373,0.12822793424129486,0.3961278200149536,0.009605884552001953,0.014114419929683208,0.021487802267074585
82,3,0.06064248085021973,1.104819655418396,2.1866064071655273,0.004487752914428711,0.4036232829093933,1.0608493089675903,5.960464477539063e-08,1.2914340175029793e-07,2.384185791015625e-07
82,4,0.048987895250320435,0.8709922432899475,2.5050196647644043,0.009105443954467773,0.3063615560531616,0.8008925914764404,2.9802322387695312e-08,1.3907749973895989e-07,2.384185791015625e-07
83,0,0.0007101297378540039,0.19449499249458313,0.7692203521728516,0.00240325927734375,0.07382632791996002,0.19136106967926025,0.0014882087707519531,0.003183980705216527,0.005917489528656006
83,1,0.025157451629638672,0.7688995003700256,1.908867359161377,0.009175509214401245,0.4115533232688904,1.073632001876831,0.16117548942565918,0.2168848067522049,0.2852247655391693
83,2,0.0044043660163879395,0.4263891279697418,1.1832444667816162,0.005078911781311035,0.2267737090587616,0.7261199951171875,0.11720561981201172,0.14975005388259888,0.17466586828231812
83,3,0.0006684064865112305,0.4118598699569702,1.5717111825942993,0.012934684753417969,0.20487827062606812,0.4591052532196045,0.11600382626056671,0.17941898107528687,0.2536442279815674
83,4,0.00778806209564209,0.43117135763168335,0.9861011505126953,0.0038533806800842285,0.19229847192764282,0.4818439483642578,0.008875608444213867,0.016684383153915405,0.027349740266799927
84,0,0.012330174446105957,0.38481536507606506,1.1150124073028564,0.0006175041198730469,0.21371757984161377,0.5041065216064453,0.04358649253845215,0.07024117559194565,0.09105479717254639
84,1,0.01721101999282837,0.30937162041664124,0.8114551305770874,0.002050936222076416,0.16649198532104492,0.5259804725646973,6.604194641113281e-05,0.0640798807144165,0.10946023464202881
84,2,0.0007327795028686523,0.43344753980636597,1.0909606218338013,0.022656679153442383,0.17557549476623535,0.4881124794483185,0.0013146400451660156,0.018109282478690147,0.03711092472076416
84,3,0.037847697734832764,0.41208380460739136,1.023619532585144,0.01209154725074768,0.22675253450870514,0.6301918029785156,0.06511902809143066,0.11002719402313232,0.1335073709487915
84,4,0.024540990591049194,0.37485018372535706,1.2080204486846924,0.025536298751831055,0.21401864290237427,0.48681187629699707,0.017607450485229492,0.044436097145080566,0.06794464588165283
85,0,0.005788564682006836,0.3804899752140045,1.4534403085708618,0.0074100494384765625,0.12971067428588867,0.34705156087875366,0.031615257263183594,0.04094361886382103,0.046359285712242126
85,1,0.0050193071365356445,0.3709893524646759,0.9894064664840698,0.0036596059799194336,0.16860148310661316,0.5723130702972412,0.06478071212768555,0.10292070358991623,0.15138915181159973
85,2,0.00901186466217041,0.6180320382118225,1.7464630603790283,0.00911414623260498,0.3304184675216675,0.7598288059234619,0.06690645217895508,0.13727684319019318,0.27731049060821533
85,3,0.0040427446365356445,0.4567296504974365,1.7333223819732666,0.01096498966217041,0.2410542517900467,0.5252130031585693,0.03405165672302246,0.043230216950178146,0.058957576751708984
85,4,0.0028699636459350586,0.11253547668457031,0.43136832118034363,0.0013132989406585693,0.052439574152231216,0.12811167538166046,0.0057315826416015625,0.008298407308757305,0.010840922594070435
86,0,0.0061157941818237305,0.3295460641384125,0.6992426514625549,0.00031822919845581055,0.15526182949543,0.4643656015396118,0.0012145042419433594,0.0018049279460683465,0.0028238892555236816
86,1,9.022653102874756e-05,0.09399167448282242,0.26607513427734375,0.0013851523399353027,0.03946239873766899,0.10267668962478638,0.006688714027404785,0.009888787753880024,0.01465749740600586
86,2,0.00508040189743042,0.24292394518852234,0.7766366004943848,0.0017710477113723755,0.09282010793685913,0.2405991554260254,0.02188694477081299,0.04023025929927826,0.06299179792404175
86,3,0.028439104557037354,0.26472872495651245,0.5180167555809021,0.001815199851989746,0.1206083595752716,0.32702910900115967,0.0007089376449584961,0.001033524633385241,0.0016022920608520508
86,4,0.006469711661338806,0.20371569693088531,0.6106082201004028,0.004806295037269592,0.07749755680561066,0.2117767333984375,0.021575331687927246,0.03678726777434349,0.05289411544799805
87,0,0.01468735933303833,0.12011707574129105,0.2701731324195862,0.00013443827629089355,0.058007095009088516,0.1806430071592331,0.010062217712402344,0.018625130876898766,0.031651824712753296
87,1,0.002033919095993042,0.23137110471725464,0.6415556073188782,0.02273048460483551,0.14276039600372314,0.3527839779853821,0.08118534088134766,0.13409993052482605,0.19540682435035706
87,2,0.0007699728012084961,0.3055906593799591,0.6123535633087158,0.003305792808532715,0.13136473298072815,0.37341707944869995,0.017142772674560547,0.029743054881691933,0.04218989610671997
87,3,0.0035130977630615234,0.11453838646411896,0.24059155583381653,0.0004172325134277344,0.0532044991850853,0.19768190383911133,0.016246795654296875,0.0565236397087574,0.10315489768981934
87,4,0.0020276308059692383,0.18589256703853607,0.4254767596721649,0.0008423328399658203,0.08443909138441086,0.2643004059791565,0.006244182586669922,0.019021153450012207,0.041831374168395996
88,0,0.0010803937911987305,0.354865700006485,0.8815933465957642,0.007447391748428345,0.11296461522579193,0.3618137836456299,0.011265754699707031,0.01798534393310547,0.027713537216186523
88,1,0.005292057991027832,0.26679685711860657,0.6776703596115112,0.004042506217956543,0.10209356993436813,0.2554423213005066,0.0063898563385009766,0.008733709342777729,0.012852668762207031
88,2,0.01483270525932312,0.41819843649864197,1.4839451313018799,0.003403395414352417,0.12460747361183167,0.3722115159034729,0.005789279937744141,0.014885623939335346,0.024621009826660156
88,3,0.004811912775039673,0.18705233931541443,0.4801357090473175,0.002892613410949707,0.09710375964641571,0.24157486855983734,0.0017104148864746094,0.002819140674546361,0.004235982894897461
88,4,0.01842886209487915,0.5308193564414978,1.8361141681671143,0.02973897010087967,0.3698984384536743,0.8338053226470947,0.11956286430358887,0.1797851324081421,0.27263009548187256
89,0,0.0075193047523498535,0.32583197951316833,0.8296084403991699,0.008507132530212402,0.1366177499294281,0.3548239469528198,0.009953618049621582,0.014195363037288189,0.02081143856048584
89,1,0.0004852414131164551,0.32386308908462524,0.9000252485275269,0.019583940505981445,0.13736960291862488,0.39464181661605835,0.03456425666809082,0.04821139574050903,0.0712384581565857
89,2,0.0037463903427124023,0.09100949019193649,0.23142296075820923,0.0005434751510620117,0.04405513405799866,0.10148979723453522,0.011644840240478516,0.015185614116489887,0.022016286849975586
89,3,0.0009938478469848633,0.12446099519729614,0.40025603771209717,0.009721815586090088,0.07019226253032684,0.15291941165924072,0.023128151893615723,0.0318453311920166,0.047385573387145996
89,4,0.006025195121765137,0.5099568367004395,1.6002639532089233,0.004976034164428711,0.16981500387191772,0.5806582570075989,0.002852916717529297,0.0050809383392333984,0.007978081703186035
90,0,0.009669840335845947,0.5420855283737183,1.0710088014602661,0.02114465832710266,0.2785581052303314,0.7618069648742676,0.01805877685546875,0.0281339380890131,0.04418957233428955
90,1,0.009356260299682617,0.2621452808380127,0.7054468393325806,0.006275355815887451,0.11673319339752197,0.32800549268722534,0.03798830509185791,0.06639847904443741,0.10339097678661346
90,2,0.0016130134463310242,0.24009603261947632,0.8052015900611877,0.005477800965309143,0.1197260171175003,0.30658870935440063,0.03108036518096924,0.04427244886755943,0.06410080194473267
90,3,0.015223801136016846,0.4705091714859009,1.7707313299179077,0.002754122018814087,0.22849129140377045,0.5559998750686646,0.03670799732208252,0.05555184185504913,0.06754666566848755
90,4,1.8596649169921875e-05,0.4584060311317444,1.1238280534744263,0.021152079105377197,0.22873455286026,0.620803713798523,0.017212986946105957,0.026020845398306847,0.04140198230743408
91,0,0.006937801837921143,0.32952162623405457,0.9110437631607056,0.006609097123146057,0.23175717890262604,0.7817898988723755,0.25508856773376465,0.46856260299682617,0.7286334037780762
91,1,0.0025534629821777344,0.2940524220466614,0.7284043431282043,0.019835829734802246,0.1476098895072937,0.5480926036834717,0.05828237533569336,0.19732898473739624,0.31807470321655273
91,2,0.00010442733764648438,0.5112321376800537,1.3072725534439087,0.013425245881080627,0.2047620564699173,0.7721035480499268,0.0037755966186523438,0.010895505547523499,0.01632361114025116
91,3,0.005398273468017578,0.38727617263793945,1.0604984760284424,0.0028481483459472656,0.18977507948875427,0.5127543210983276,0.006837368011474609,0.07684336602687836,0.14477570354938507
91,4,0.012028932571411133,0.5409587025642395,1.5441246032714844,0.01015019416809082,0.25455695390701294,0.7865848541259766,0.22699689865112305,0.4274609088897705,0.5896506309509277
92,0,0.0033341944217681885,0.27312880754470825,0.9328597784042358,0.004070013761520386,0.1209573745727539,0.3589901924133301,0.013096332550048828,0.023594871163368225,0.039612531661987305
92,1,0.0012155771255493164,0.19615378975868225,0.6473047733306885,0.001016855239868164,0.06788162887096405,0.2133270502090454,0.014142751693725586,0.02534087933599949,0.04148852825164795
92,2,0.005692213773727417,0.31313034892082214,1.2521336078643799,0.002711474895477295,0.1405894160270691,0.3947827219963074,0.004428863525390625,0.007764458656311035,0.012212991714477539
92,3,0.00026345252990722656,0.12901915609836578,0.3420645296573639,9.448826313018799e-05,0.06346037983894348,0.20287233591079712,0.016843318939208984,0.030694345012307167,0.047616422176361084
92,4,0.014026999473571777,0.2420787215232849,0.897133469581604,0.006919801235198975,0.08894951641559601,0.24019572138786316,0.0020825862884521484,0.004195953253656626,0.007000148296356201
93,0,0.0009008049964904785,0.2620205283164978,0.7019699811935425,0.010717511177062988,0.1151927039027214,0.3106977939605713,0.013006210327148438,0.02110469341278076,0.03203785419464111
93,1,0.00736767053604126,0.34349894523620605,1.106773018836975,0.01440410315990448,0.12478486448526382,0.4220370650291443,0.00916290283203125,0.015868624672293663,0.02569282054901123
93,2,0.029714077711105347,0.47299179434776306,1.7868919372558594,0.0041997432708740234,0.16298744082450867,0.43509310483932495,0.0028128623962402344,0.005487421993166208,0.009481668472290039
93,3,0.0021265745162963867,0.44509175419807434,1.2473505735397339,0.0005023479461669922,0.1872367560863495,0.5755326747894287,0.05550551414489746,0.08499113470315933,0.12743186950683594
93,4,0.0030522048473358154,0.18821388483047485,0.5304731130599976,0.001139521598815918,0.08647870272397995,0.2229173183441162,0.008653402328491211,0.014562626369297504,0.02346348762512207
94,0,0.008765935897827148,0.28675591945648193,0.672247052192688,0.0008769631385803223,0.15821310877799988,0.45057469606399536,0.05099940299987793,0.08342194557189941,0.10401296615600586
94,1,0.0013269782066345215,0.3626091778278351,1.1617445945739746,0.0057752132415771484,0.17584416270256042,0.3949034512042999,0.007583141326904297,0.02031894586980343,0.03988468647003174
94,2,0.026766538619995117,0.5710030794143677,1.6473437547683716,0.035610973834991455,0.4189426302909851,1.0517973899841309,0.03568005561828613,0.053152721375226974,0.06607317924499512
94,3,0.0030868053436279297,0.6508995294570923,1.6800463199615479,0.03285259008407593,0.32367533445358276,0.9697861671447754,0.09607517719268799,0.1491619348526001,0.20599150657653809
94,4,0.017987549304962158,0.644203782081604,2.348068952560425,0.01761448383331299,0.3357173800468445,0.9133607149124146,0.0421907901763916,0.11306730657815933,0.16335391998291016
95,0,0.008090227842330933,0.32181498408317566,1.0958985090255737,0.017657235264778137,0.2315244972705841,0.6029989719390869,0.03046947717666626,0.10302522033452988,0.207222580909729
95,1,0.0021440982818603516,0.2715352475643158,0.742703378200531,0.0006665866822004318,0.08592712879180908,0.24354228377342224,0.019276857376098633,0.030229249969124794,0.043344974517822266
95,2,0.002267181873321533,0.39720073342323303,1.578688621520996,0.0021093040704727173,0.13183841109275818,0.354091614484787,0.0010256767272949219,0.007634858135133982,0.019829273223876953
95,3,0.004742339253425598,0.4946753978729248,1.8640360832214355,0.04360973834991455,0.3677458167076111,0.8220561742782593,0.19999617338180542,0.2462947964668274,0.31576767563819885
95,4,0.0003456920385360718,0.05325132608413696,0.14464715123176575,0.001505523920059204,0.02198120579123497,0.05544900894165039,0.005477547645568848,0.008094112388789654,0.012454986572265625
96,0,0.0011980533599853516,0.24611690640449524,0.8063756823539734,0.0018305778503417969,0.10006804019212723,0.2909359931945801,0.03257638216018677,0.047985970973968506,0.07433271408081055
96,1,0.0003573894500732422,0.3836563229560852,1.2568426132202148,0.0006788074970245361,0.1717679649591446,0.5035067796707153,0.005285739898681641,0.011921127326786518,0.02148115634918213
96,2,0.04176276922225952,0.40835410356521606,1.5696916580200195,0.004075169563293457,0.1472758799791336,0.41872718930244446,0.0013222694396972656,0.0023993353825062513,0.0035652220249176025
96,3,0.01038825511932373,0.29233044385910034,0.7794797420501709,0.003634035587310791,0.1522284895181656,0.5163676738739014,0.04020965099334717,0.12766587734222412,0.2182915210723877
96,4,0.010847330093383789,0.7719998359680176,2.46189546585083,0.007132589817047119,0.26776787638664246,0.8635594248771667,0.1323401927947998,0.15396881103515625,0.17296290397644043
97,0,0.0022524595260620117,0.07111255824565887,0.16419857740402222,0.0005284547805786133,0.03533826395869255,0.13002443313598633,0.015462875366210938,0.020716995000839233,0.027659893035888672
97,1,0.0018343925476074219,0.3095790147781372,1.182848334312439,0.0031877756118774414,0.09280076622962952,0.2076137363910675,0.005534708499908447,0.02580159902572632,0.04590487480163574
97,2,0.0299147367477417,0.645617663860321,2.5888352394104004,0.005081146955490112,0.2909090518951416,0.7903575301170349,0.20777511596679688,0.25536802411079407,0.32783079147338867
97,3,0.03636321425437927,0.2892495393753052,1.088486671447754,0.003031611442565918,0.09347914904356003,0.237491637468338,0.017791271209716797,0.04883882403373718,0.07421103119850159
97,4,0.017136454582214355,0.28416532278060913,0.6368238925933838,0.0004462599754333496,0.1359938681125641,0.4078497886657715,0.020288944244384766,0.03564976528286934,0.05247661471366882
98,0,0.012866735458374023,0.4932518005371094,1.3481652736663818,0.0005006790161132812,0.2945626378059387,1.0769520998001099,0.017667651176452637,0.02093438245356083,0.024340391159057617
98,1,0.009475469589233398,0.29630768299102783,0.8674627542495728,0.005741596221923828,0.13920573890209198,0.39761224389076233,0.000514984130859375,0.025266289710998535,0.054756999015808105
98,2,0.023972928524017334,0.41770410537719727,1.3233405351638794,0.01430809497833252,0.22358132898807526,0.5593792796134949,0.0034536123275756836,0.02304232120513916,0.037550926208496094
98,3,0.003302454948425293,0.3518938422203064,1.2424559593200684,0.019927978515625,0.18879452347755432,0.4444011449813843,0.022174358367919922,0.042015671730041504,0.05720841884613037
98,4,0.0025936663150787354,0.23432183265686035,0.7486304044723511,0.0012066364288330078,0.13147862255573273,0.3455162048339844,0.007925987243652344,0.013044278137385845,0.017518997192382812
99,0,0.035888493061065674,0.35288187861442566,1.2151275873184204,0.008426308631896973,0.1776290237903595,0.4357636868953705,0.0008862018585205078,0.0018347104778513312,0.0028324127197265625
99,1,0.00031381845474243164,0.24406006932258606,0.8274390697479248,0.0008890926837921143,0.1395520269870758,0.32508307695388794,3.7670135498046875e-05,0.00014845530677121133,0.00024712085723876953
99,2,0.011558055877685547,0.4308931529521942,1.1875998973846436,0.0037736892700195312,0.22501938045024872,0.7592307925224304,0.07149529457092285,0.09473792463541031,0.11343991756439209
99,3,0.035880327224731445,1.1739223003387451,3.803898334503174,0.01671767234802246,0.286735862493515,0.8902939558029175,0.03389430046081543,0.04625356197357178,0.06306588649749756
99,4,0.000475078821182251,0.3372938930988312,1.2574368715286255,0.007554173469543457,0.269653856754303,0.6373997330665588,0.037232160568237305,0.1024773120880127,0.18306922912597656
