input_id,round_id,fc1_min_abs_diff,fc1_max_abs_diff,fc1_mean_abs_diff,fc2_min_abs_diff,fc2_max_abs_diff,fc2_mean_abs_diff,fc3_min_abs_diff,fc3_max_abs_diff,fc3_mean_abs_diff,real_input,pred_input
1,1,0.002425551414489746,0.11416089534759521,0.04013032466173172,0.0012278556823730469,0.13665634393692017,0.03210079297423363,0.0008162260055541992,0.0011050701141357422,0.0009897947311401367,"[0.0882352963089943, 0.6666666865348816, 0.0, 0.0416666679084301]","[0.011922119185328484, 0.656303882598877, -0.11101952940225601, 0.04944394901394844]"
1,2,0.002751946449279785,0.21426105499267578,0.08089324831962585,0.0012166500091552734,0.26888930797576904,0.07308363169431686,0.0008365511894226074,0.001119852066040039,0.0009900530567392707,"[0.0882352963089943, 0.6666666865348816, 0.0, 0.0416666679084301]","[0.17932404577732086, 0.7325506210327148, 0.25106295943260193, 0.03007250465452671]"
1,3,0.003863096237182617,0.22175371646881104,0.08314000070095062,0.0010655522346496582,0.2757223844528198,0.07491982728242874,0.0008363723754882812,0.0011559724807739258,0.0009891986846923828,"[0.0882352963089943, 0.6666666865348816, 0.0, 0.0416666679084301]","[0.18752221763134003, 0.7374626398086548, 0.25600916147232056, 0.0259421244263649]"
2,1,0.003642365336418152,0.2732524275779724,0.08915172517299652,0.005022674798965454,0.20582811534404755,0.059687547385692596,0.0008409023284912109,0.0010671615600585938,0.0009915828704833984,"[0.4117647111415863, 1.0, 0.08771929889917374, 0.125]","[0.3136501908302307, 1.0030202865600586, -0.20570123195648193, 0.2567027807235718]"
2,2,0.0011754631996154785,0.1793363392353058,0.06768447905778885,0.007308900356292725,0.11917215585708618,0.05131454020738602,0.0008730888366699219,0.0011104345321655273,0.0009933710098266602,"[0.4117647111415863, 1.0, 0.08771929889917374, 0.125]","[0.43804115056991577, 1.0521786212921143, 0.322872132062912, 0.026053864508867264]"
2,3,0.002070605754852295,0.2391929030418396,0.08113132417201996,0.0006304681301116943,0.1719496250152588,0.052658289670944214,0.0004031658172607422,0.0012705326080322266,0.0009209513664245605,"[0.4117647111415863, 1.0, 0.08771929889917374, 0.125]","[0.3494737148284912, 1.0095096826553345, -0.18909698724746704, 0.24398639798164368]"
3,1,0.001271069049835205,0.27273207902908325,0.0922626182436943,0.0031678080558776855,0.1418927013874054,0.057461339980363846,0.0008249878883361816,0.0010951757431030273,0.0009907683124765754,"[0.7058823704719543, 0.4583333432674408, 0.5964912176132202, 0.5416666865348816]","[0.6822848320007324, 0.27652695775032043, 0.3222125172615051, 0.7182590365409851]"
3,2,0.0027706921100616455,0.1333198845386505,0.05289465934038162,0.0008050203323364258,0.09063073992729187,0.035023801028728485,0.0008379817008972168,0.0010898113250732422,0.0009934107074514031,"[0.7058823704719543, 0.4583333432674408, 0.5964912176132202, 0.5416666865348816]","[0.7510327100753784, 0.389557808637619, 0.42351144552230835, 0.6116392612457275]"
3,3,0.00010979175567626953,0.142869770526886,0.06041627377271652,0.0019055604934692383,0.080177903175354,0.03357357531785965,0.0008392930030822754,0.0011044740676879883,0.0009846886387094855,"[0.7058823704719543, 0.4583333432674408, 0.5964912176132202, 0.5416666865348816]","[0.5916788578033447, 0.46775054931640625, 0.8002378940582275, 0.47891539335250854]"
4,1,0.0013071298599243164,0.23657751083374023,0.08325565606355667,0.015592873096466064,0.22098124027252197,0.0756755992770195,0.0008994638919830322,0.001084446907043457,0.0009954074630513787,"[0.14705882966518402, 0.5833333134651184, 0.10526315867900848, 0.0416666679084301]","[0.27903056144714355, 0.7377433180809021, 0.3432468771934509, -0.033057503402233124]"
4,2,0.0011792480945587158,0.04535609483718872,0.01762387901544571,0.0009309053421020508,0.05290883034467697,0.015730077400803566,0.0008617937564849854,0.0010654926300048828,0.0009936988353729248,"[0.14705882966518402, 0.5833333134651184, 0.10526315867900848, 0.0416666679084301]","[0.15091456472873688, 0.565662682056427, 0.047051116824150085, 0.031344104558229446]"
4,3,0.0009777098894119263,0.05566108226776123,0.021953145042061806,0.0006405115127563477,0.06933408230543137,0.019848113879561424,0.0008495450019836426,0.0010645389556884766,0.0009924769401550293,"[0.14705882966518402, 0.5833333134651184, 0.10526315867900848, 0.0416666679084301]","[0.14521493017673492, 0.5606600642204285, 0.033530596643686295, 0.03034598007798195]"
5,1,0.0025942623615264893,0.5011938214302063,0.18195390701293945,0.03283920884132385,0.4742152988910675,0.16358676552772522,0.0008581578731536865,0.0011074542999267578,0.00099220871925354,"[0.029411764815449715, 0.5, 0.05263157933950424, 0.0416666679084301]","[0.30171966552734375, 0.8047367930412292, 0.58845055103302, -0.1422499269247055]"
5,2,0.0007908940315246582,0.11122429370880127,0.04057632014155388,0.0014064311981201172,0.13078314065933228,0.03654473274946213,0.0008502304553985596,0.0010852813720703125,0.0009926259517669678,"[0.029411764815449715, 0.5, 0.05263157933950424, 0.0416666679084301]","[0.049950938671827316, 0.5505041480064392, 0.18068259954452515, 0.05807488411664963]"
5,3,0.0014715790748596191,0.3016514182090759,0.09690284729003906,0.0027358829975128174,0.29687201976776123,0.08980315178632736,0.0008697509765625,0.0011126995086669922,0.0009932121029123664,"[0.029411764815449715, 0.5, 0.05263157933950424, 0.0416666679084301]","[0.21013079583644867, 0.6778740882873535, 0.31359362602233887, 0.002781689167022705]"
6,1,0.0007081031799316406,0.16721543669700623,0.06686382740736008,0.0011777877807617188,0.09227767586708069,0.03508977219462395,0.0008561611175537109,0.0012038946151733398,0.000983119010925293,"[0.5882353186607361, 0.2083333283662796, 0.7017543911933899, 0.75]","[0.4157426655292511, 0.24165037274360657, 0.8985671997070312, 0.7084651589393616]"
6,2,0.0015072226524353027,0.2806694209575653,0.1073136106133461,0.005564689636230469,0.15880638360977173,0.0594698041677475,0.0008692741394042969,0.0011684894561767578,0.0009844303131103516,"[0.5882353186607361, 0.2083333283662796, 0.7017543911933899, 0.75]","[0.27388519048690796, 0.2396942377090454, 1.0070587396621704, 0.7398856282234192]"
6,3,0.00027257204055786133,0.029434025287628174,0.009291639551520348,0.00011593103408813477,0.018186211585998535,0.0048048775643110275,0.0009105205535888672,0.0011187195777893066,0.0009945431957021356,"[0.5882353186607361, 0.2083333283662796, 0.7017543911933899, 0.75]","[0.595749020576477, 0.22823390364646912, 0.7246341705322266, 0.7267295718193054]"
7,1,0.00019890069961547852,0.019163891673088074,0.007580380886793137,4.404783248901367e-05,0.009982287883758545,0.004144631791859865,0.0008615851402282715,0.0010948777198791504,0.000989119173027575,"[0.6176470518112183, 0.5, 0.6140350699424744, 0.5833333134651184]","[0.5963037014007568, 0.49957236647605896, 0.6363751292228699, 0.5799188017845154]"
7,2,0.003118753433227539,0.28481435775756836,0.10629579424858093,0.003573298454284668,0.15810078382492065,0.06350311636924744,0.000804901123046875,0.0010983943939208984,0.0009897550335153937,"[0.6176470518112183, 0.5, 0.6140350699424744, 0.5833333134651184]","[0.6977779865264893, 0.34276342391967773, 0.2771834433078766, 0.7481282949447632]"
7,3,0.003267526626586914,0.487753689289093,0.16228753328323364,0.0005528628826141357,0.2316179871559143,0.09681388735771179,0.0008952021598815918,0.001064300537109375,0.000993152498267591,"[0.6176470518112183, 0.5, 0.6140350699424744, 0.5833333134651184]","[0.4707717299461365, 0.14562970399856567, 0.18256261944770813, 0.9261245727539062]"
8,1,4.982948303222656e-05,0.03921818733215332,0.013585441745817661,0.00039643049240112305,0.038034193217754364,0.011399587616324425,0.0008409321308135986,0.0010923147201538086,0.00099187099840492,"[0.2647058963775635, 0.625, 0.08771929889917374, 0.0416666679084301]","[0.2207428514957428, 0.5982178449630737, 0.0697653517127037, 0.05526328831911087]"
8,2,0.004585951566696167,0.2967489957809448,0.10219905525445938,0.005913496017456055,0.3588901162147522,0.0901990756392479,0.000400543212890625,0.0015243291854858398,0.0008764664526097476,"[0.2647058963775635, 0.625, 0.08771929889917374, 0.0416666679084301]","[0.07358019798994064, 0.5327290296554565, -0.1936703771352768, 0.05505991727113724]"
8,3,0.0005130171775817871,0.031003504991531372,0.01064416766166687,2.9325485229492188e-05,0.030575811862945557,0.009257886558771133,0.0003775358200073242,0.0014203190803527832,0.0009000499849207699,"[0.2647058963775635, 0.625, 0.08771929889917374, 0.0416666679084301]","[0.2354506105184555, 0.6046898365020752, 0.06675218790769577, 0.05396370589733124]"
9,1,0.004531383514404297,0.1743990182876587,0.0595465824007988,0.001953721046447754,0.21962639689445496,0.0534498356282711,0.000594019889831543,0.0013079047203063965,0.0009550849790684879,"[0.20588235557079315, 0.6666666865348816, 0.07017543911933899, 0.0416666679084301]","[0.06661814451217651, 0.6235638856887817, -0.0790187194943428, 0.05284036695957184]"
9,2,0.0009859800338745117,0.09497970342636108,0.03666473925113678,0.0018462538719177246,0.11336745321750641,0.0323885940015316,0.0009386539459228516,0.0010772943496704102,0.0009957551956176758,"[0.20588235557079315, 0.6666666865348816, 0.07017543911933899, 0.0416666679084301]","[0.22588148713111877, 0.7093436121940613, 0.18903861939907074, 0.04057867452502251]"
9,3,0.002023935317993164,0.1349913477897644,0.044915128499269485,0.0002785027027130127,0.16626384854316711,0.041430048644542694,0.0008310079574584961,0.0010955333709716797,0.0009917417773976922,"[0.20588235557079315, 0.6666666865348816, 0.07017543911933899, 0.0416666679084301]","[0.09895192831754684, 0.6279214024543762, -0.040701210498809814, 0.04803575947880745]"
10,1,0.0004649162292480469,0.04849497973918915,0.015407011844217777,0.0008396804332733154,0.055757828056812286,0.014126027002930641,0.0008524656295776367,0.0010660886764526367,0.0009913841495290399,"[0.2647058963775635, 0.875, 0.08771929889917374, 0.0]","[0.2199593186378479, 0.8622278571128845, 0.053763873875141144, 0.00999465025961399]"
10,2,0.0011948943138122559,0.10182663798332214,0.033753156661987305,0.00033843517303466797,0.11735088378190994,0.03045337274670601,0.0008546710014343262,0.0010704994201660156,0.0009928742656484246,"[0.2647058963775635, 0.875, 0.08771929889917374, 0.0]","[0.18492557108402252, 0.8515987992286682, 0.0011657061986625195, 0.01601235754787922]"
10,3,0.009808152914047241,0.25397855043411255,0.08659021556377411,0.00017651915550231934,0.29755860567092896,0.07302264869213104,0.0008172392845153809,0.0011096000671386719,0.0009912848472595215,"[0.2647058963775635, 0.875, 0.08771929889917374, 0.0]","[0.06321670114994049, 0.8302456140518188, -0.13106407225131989, 0.02129039540886879]"
11,1,0.0009777545928955078,0.23485487699508667,0.08561502397060394,0.0005339384078979492,0.101655513048172,0.039971645921468735,0.000896453857421875,0.00113600492477417,0.0009922782192006707,"[0.44117647409439087, 0.2916666567325592, 0.719298243522644, 0.75]","[0.5904433727264404, 0.18813227117061615, 0.46979930996894836, 0.8842770457267761]"
11,2,8.314847946166992e-06,0.08828037232160568,0.03490239009261131,0.00021779537200927734,0.06190654635429382,0.02486487105488777,0.0008069872856140137,0.0011008977890014648,0.000989417196251452,"[0.44117647409439087, 0.2916666567325592, 0.719298243522644, 0.75]","[0.4343793988227844, 0.3350261449813843, 0.8369837999343872, 0.695353627204895]"
11,3,0.0004770010709762573,0.019128918647766113,0.007094079628586769,9.715557098388672e-05,0.013643622398376465,0.0047732023522257805,0.0007243752479553223,0.0011245012283325195,0.0009810328483581543,"[0.44117647409439087, 0.2916666567325592, 0.719298243522644, 0.75]","[0.4162677228450775, 0.27798187732696533, 0.7173255085945129, 0.7619560956954956]"
12,1,0.0001671314239501953,0.14669634401798248,0.06535229831933975,0.001185387372970581,0.0947711169719696,0.03830228000879288,0.0008285641670227051,0.0011132359504699707,0.000989079475402832,"[0.5, 0.5833333134651184, 0.6140350699424744, 0.625]","[0.4132251441478729, 0.5855780243873596, 0.839802622795105, 0.5285283923149109]"
12,2,2.7894973754882812e-05,0.15148283541202545,0.06745073944330215,0.0013261735439300537,0.09787669777870178,0.03945797309279442,0.0008395910263061523,0.0011082291603088379,0.000991523265838623,"[0.5, 0.5833333134651184, 0.6140350699424744, 0.625]","[0.41028571128845215, 0.5849515795707703, 0.8471021056175232, 0.5253185629844666]"
12,3,2.7358531951904297e-05,0.06530408561229706,0.02936743199825287,0.0012803077697753906,0.04086875915527344,0.01874886080622673,0.0008580684661865234,0.0010927319526672363,0.0009914437541738153,"[0.5, 0.5833333134651184, 0.6140350699424744, 0.625]","[0.5385416746139526, 0.5734022855758667, 0.5129852890968323, 0.663171648979187]"
13,1,0.0010133981704711914,0.07461625337600708,0.030526429414749146,0.00040161609649658203,0.050541043281555176,0.020416203886270523,0.0007688999176025391,0.0011085271835327148,0.0009863177547231317,"[0.7058823704719543, 0.4583333432674408, 0.6491228342056274, 0.5833333134651184]","[0.6853013038635254, 0.48965150117874146, 0.7520655393600464, 0.5374945402145386]"
13,2,0.002774655818939209,0.21003933250904083,0.0935596227645874,0.004799008369445801,0.1266973912715912,0.05590182542800903,0.000777125358581543,0.0010983943939208984,0.0009841123828664422,"[0.7058823704719543, 0.4583333432674408, 0.6491228342056274, 0.5833333134651184]","[0.5822532176971436, 0.49350064992904663, 0.9695307612419128, 0.4587043523788452]"
13,3,0.0002754330635070801,0.08593738079071045,0.034681666642427444,0.0003466606140136719,0.0559995174407959,0.021293755620718002,0.0008004903793334961,0.0010929107666015625,0.000989079475402832,"[0.7058823704719543, 0.4583333432674408, 0.6491228342056274, 0.5833333134651184]","[0.7687060832977295, 0.4351084530353546, 0.5351625084877014, 0.6129273176193237]"
14,1,0.003734886646270752,0.5256158709526062,0.16743767261505127,0.0016404986381530762,0.5184215307235718,0.13109621405601501,0.0006005764007568359,0.0012478828430175781,0.0009618997573852539,"[0.3235294222831726, 0.7916666865348816, 0.05263157933950424, 0.125]","[-0.0826176106929779, 0.7093194723129272, -0.3793063163757324, 0.23677673935890198]"
14,2,0.0005703866481781006,0.1533713936805725,0.05992673709988594,0.005532801151275635,0.11004897952079773,0.047322407364845276,0.0008765459060668945,0.0011057853698730469,0.0009930928936228156,"[0.3235294222831726, 0.7916666865348816, 0.05263157933950424, 0.125]","[0.345639169216156, 0.853927493095398, 0.26028192043304443, 0.04647175595164299]"
14,3,0.001940697431564331,0.08793652057647705,0.03179803490638733,0.005497753620147705,0.06689982116222382,0.026659559458494186,0.0008764266967773438,0.0011101961135864258,0.0009913841495290399,"[0.3235294222831726, 0.7916666865348816, 0.05263157933950424, 0.125]","[0.3553953170776367, 0.8344209790229797, 0.15487538278102875, 0.08097562938928604]"
15,1,9.92119312286377e-05,0.019564151763916016,0.0077636996284127235,0.000318378210067749,0.01462852954864502,0.005275726784020662,0.0009413957595825195,0.0010384321212768555,0.0009980201721191406,"[0.3235294222831726, 0.7083333134651184, 0.08771929889917374, 0.0416666679084301]","[0.3525495231151581, 0.72122722864151, 0.08459627628326416, 0.028695693239569664]"
15,2,0.002139955759048462,0.11161690950393677,0.04467959702014923,0.004942387342453003,0.10215818136930466,0.03836262971162796,0.0008730888366699219,0.0010862350463867188,0.000994304777123034,"[0.3235294222831726, 0.7083333134651184, 0.08771929889917374, 0.0416666679084301]","[0.35540348291397095, 0.7840411067008972, 0.22993218898773193, 0.003607027465477586]"
15,3,0.00011655688285827637,0.0647963285446167,0.024244118481874466,0.002409219741821289,0.07124342769384384,0.02141454443335533,0.0009588003158569336,0.001069784164428711,0.0009963313350453973,"[0.3235294222831726, 0.7083333134651184, 0.08771929889917374, 0.0416666679084301]","[0.2926761209964752, 0.6766902208328247, 0.013460519723594189, 0.05768570676445961]"
16,1,0.0005893111228942871,0.24708622694015503,0.08751188963651657,0.0023099184036254883,0.11842256784439087,0.05133432149887085,0.0009634494781494141,0.0010266005992889404,0.0009974142303690314,"[0.3529411852359772, 0.1666666716337204, 0.4736842215061188, 0.375]","[0.35745659470558167, -0.012516972608864307, 0.2078898549079895, 0.5060635209083557]"
16,2,0.0009890198707580566,0.15904763340950012,0.061208270490169525,0.0002707839012145996,0.08230522274971008,0.03656613081693649,0.0009644031524658203,0.0010304450988769531,0.0009942849865183234,"[0.3529411852359772, 0.1666666716337204, 0.4736842215061188, 0.375]","[0.39216703176498413, 0.06267725676298141, 0.2795861065387726, 0.4430842399597168]"
16,3,0.00017660856246948242,0.10815776884555817,0.04251779243350029,0.0005477070808410645,0.05923670530319214,0.026380475610494614,0.0009601116180419922,0.001023709774017334,0.000995337963104248,"[0.3529411852359772, 0.1666666716337204, 0.4736842215061188, 0.375]","[0.4001809358596802, 0.1136769950389862, 0.3332681357860565, 0.41067585349082947]"
17,1,0.0005282163619995117,0.1435534805059433,0.06354594230651855,0.004604309797286987,0.09213614463806152,0.03931121900677681,0.000767052173614502,0.0011043548583984375,0.000985602498985827,"[0.5882353186607361, 0.3333333432674408, 0.719298243522644, 0.5833333134651184]","[0.5140471458435059, 0.36465558409690857, 0.9370482563972473, 0.49574220180511475]"
17,2,0.0008878409862518311,0.10778042674064636,0.044328220188617706,0.0016868114471435547,0.06295806169509888,0.02504229173064232,0.0007633566856384277,0.0011119842529296875,0.0009858409175649285,"[0.5882353186607361, 0.3333333432674408, 0.719298243522644, 0.5833333134651184]","[0.6537016034126282, 0.30177029967308044, 0.5732406377792358, 0.6406418085098267]"
17,3,0.0006300210952758789,0.15087752044200897,0.06697238981723785,0.005185574293136597,0.0971527099609375,0.04153606295585632,0.0007777214050292969,0.001101374626159668,0.0009859999408945441,"[0.5882353186607361, 0.3333333432674408, 0.719298243522644, 0.5833333134651184]","[0.5117009282112122, 0.3663804829120636, 0.9489787817001343, 0.4901600182056427]"
18,1,3.9458274841308594e-05,0.047660231590270996,0.017604157328605652,0.0013689100742340088,0.03398120403289795,0.01398613303899765,0.0007520914077758789,0.0011118650436401367,0.000981450080871582,"[0.6176470518112183, 0.4583333432674408, 0.7894737124443054, 0.7083333134651184]","[0.6263512372970581, 0.48466408252716064, 0.8469780683517456, 0.6755785942077637]"
18,2,0.00722736120223999,0.4816913604736328,0.1806497424840927,0.0073053836822509766,0.20583298802375793,0.08342336863279343,0.0008853673934936523,0.0011568665504455566,0.0009906491031870246,"[0.6176470518112183, 0.4583333432674408, 0.7894737124443054, 0.7083333134651184]","[0.8852277994155884, 0.23178014159202576, 0.24626608192920685, 0.9982209205627441]"
18,3,0.0021995902061462402,0.7323700189590454,0.30963921546936035,0.016821980476379395,0.46776455640792847,0.17204853892326355,0.006975769996643066,0.010415911674499512,0.009224693290889263,"[0.6176470518112183, 0.4583333432674408, 0.7894737124443054, 0.7083333134651184]","[1.7345738410949707, 0.7889851331710815, 0.21640266478061676, 0.6613747477531433]"
19,1,3.2782554626464844e-06,0.06946349143981934,0.029123324900865555,0.0001201629638671875,0.04006105661392212,0.01610235869884491,0.0006888508796691895,0.0011615157127380371,0.0009574492578394711,"[0.6764705777168274, 0.4166666567325592, 0.5964912176132202, 0.5416666865348816]","[0.618868887424469, 0.42712241411209106, 0.6926002502441406, 0.5137022137641907]"
19,2,0.0030318498611450195,0.2849006652832031,0.09508617967367172,0.0008497238159179688,0.1449676752090454,0.05839832127094269,0.0008262395858764648,0.0010889768600463867,0.0009889999637380242,"[0.6764705777168274, 0.4166666567325592, 0.5964912176132202, 0.5416666865348816]","[0.5857354402542114, 0.21163006126880646, 0.34380578994750977, 0.7447507381439209]"
19,3,0.002465546131134033,0.2781100869178772,0.09293116629123688,0.001504063606262207,0.14154639840126038,0.057349447160959244,0.0008262395858764648,0.0010956525802612305,0.0009919604053720832,"[0.6764705777168274, 0.4166666567325592, 0.5964912176132202, 0.5416666865348816]","[0.5887829065322876, 0.21694116294384003, 0.34851372241973877, 0.7394657135009766]"
20,1,0.0026118606328964233,0.27892976999282837,0.09697651863098145,0.0005247592926025391,0.15541982650756836,0.05551234260201454,0.0007556676864624023,0.0011141300201416016,0.0009849866619333625,"[0.8529411554336548, 0.6666666865348816, 0.8947368264198303, 1.0]","[0.5346497893333435, 0.6618074774742126, 1.1403961181640625, 1.079184889793396]"
20,2,0.00027048587799072266,0.061826348304748535,0.024342089891433716,0.0005259513854980469,0.032360613346099854,0.012567995116114616,0.0008153915405273438,0.0012111067771911621,0.0009732047910802066,"[0.8529411554336548, 0.6666666865348816, 0.8947368264198303, 1.0]","[0.932399332523346, 0.6748653054237366, 0.834540069103241, 1.0002890825271606]"
20,3,0.00024121999740600586,0.07177090644836426,0.02841591276228428,0.00042682886123657227,0.03817307949066162,0.014699071645736694,0.0008642673492431641,0.0011593103408813477,0.0009855031967163086,"[0.8529411554336548, 0.6666666865348816, 0.8947368264198303, 1.0]","[0.946384072303772, 0.6773900389671326, 0.8256474733352661, 1.000194787979126]"
21,1,0.00513768196105957,0.16383057832717896,0.07027121633291245,0.0018004179000854492,0.09413930773735046,0.0456165187060833,0.0008483529090881348,0.0010990500450134277,0.0009898742428049445,"[0.4117647111415863, 0.375, 0.5614035129547119, 0.5]","[0.4764764606952667, 0.32396528124809265, 0.3228115439414978, 0.6067375540733337]"
21,2,0.0032349824905395508,0.1765155792236328,0.07917342334985733,0.0021825432777404785,0.11406439542770386,0.046691037714481354,0.0008393526077270508,0.0011061429977416992,0.0009920200100168586,"[0.4117647111415863, 0.375, 0.5614035129547119, 0.5]","[0.3248770236968994, 0.36854931712150574, 0.8371594548225403, 0.3707962930202484]"
21,3,0.005266368389129639,0.2169114500284195,0.08524089306592941,0.002139151096343994,0.11691313982009888,0.05527298524975777,0.0009421110153198242,0.001049637794494629,0.0009958347072824836,"[0.4117647111415863, 0.375, 0.5614035129547119, 0.5]","[0.4582765996456146, 0.2826998829841614, 0.2772330939769745, 0.6426631808280945]"
22,1,2.5033950805664062e-06,0.022929847240447998,0.009196273051202297,0.0005498528480529785,0.016086876392364502,0.005571470595896244,0.0008873939514160156,0.0011510848999023438,0.0009921789169311523,"[0.970588207244873, 0.4166666567325592, 0.9824561476707458, 0.8333333134651184]","[1.0057984590530396, 0.42873144149780273, 0.9691768288612366, 0.825894296169281]"
22,2,0.0014797747135162354,0.03517380356788635,0.01432044804096222,0.00045800209045410156,0.02237677574157715,0.007987224496901035,0.000881195068359375,0.0011661648750305176,0.0009908875217661262,"[0.970588207244873, 0.4166666567325592, 0.9824561476707458, 0.8333333134651184]","[1.0230097770690918, 0.42951977252960205, 0.9563959836959839, 0.8270115852355957]"
22,3,0.0004444122314453125,0.0726308822631836,0.027173370122909546,4.100799560546875e-05,0.03086760640144348,0.013069254346191883,0.0009083747863769531,0.001122593879699707,0.0009940862655639648,"[0.970588207244873, 0.4166666567325592, 0.9824561476707458, 0.8333333134651184]","[1.0320143699645996, 0.39341193437576294, 0.9044764041900635, 0.8665804862976074]"
23,1,0.0006630420684814453,0.09557408094406128,0.04275951907038689,0.001074463129043579,0.06414109468460083,0.02669503539800644,0.00013971328735351562,0.0014016032218933105,0.0008413593168370426,"[0.38235294818878174, 0.4166666567325592, 0.6140350699424744, 0.5833333134651184]","[0.4267663061618805, 0.4006199538707733, 0.4670907258987427, 0.6506558060646057]"
23,2,0.0008217692375183105,0.0561140775680542,0.02500268816947937,0.0023268163204193115,0.03864079713821411,0.016569698229432106,0.0008696317672729492,0.0010895133018493652,0.000992635847069323,"[0.38235294818878174, 0.4166666567325592, 0.6140350699424744, 0.5833333134651184]","[0.36683759093284607, 0.42583414912223816, 0.7011740803718567, 0.5395930409431458]"
23,3,0.006376504898071289,0.15934625267982483,0.06885360926389694,0.0009668469429016113,0.09336450695991516,0.042822446674108505,0.000847935676574707,0.0010960698127746582,0.0009876290569081903,"[0.38235294818878174, 0.4166666567325592, 0.6140350699424744, 0.5833333134651184]","[0.45691293478012085, 0.37095198035240173, 0.3811720907688141, 0.6842231154441833]"
24,1,0.0011527687311172485,0.03862711787223816,0.016877176240086555,0.0004735291004180908,0.049348995089530945,0.014627520926296711,0.0008702874183654785,0.0010720491409301758,0.0009944638004526496,"[0.23529411852359772, 0.625, 0.07017543911933899, 0.0416666679084301]","[0.2388097643852234, 0.6141558885574341, 0.011955829337239265, 0.03709154203534126]"
24,2,0.0012677907943725586,0.2431250810623169,0.08316535502672195,0.0026946663856506348,0.30411261320114136,0.07476884871721268,0.0008577108383178711,0.0010799169540405273,0.0009938081493601203,"[0.23529411852359772, 0.625, 0.07017543911933899, 0.0416666679084301]","[0.059700772166252136, 0.5599203705787659, -0.14782816171646118, 0.051121339201927185]"
24,3,0.0036101341247558594,0.5019689798355103,0.18735425174236298,0.029971599578857422,0.4051583409309387,0.15952526032924652,0.0008652210235595703,0.0010999441146850586,0.0009930928936228156,"[0.23529411852359772, 0.625, 0.07017543911933899, 0.0416666679084301]","[0.39655420184135437, 0.9037866592407227, 0.6767731308937073, -0.21915572881698608]"
25,1,0.0010628104209899902,0.13993453979492188,0.05350871384143829,0.0003752708435058594,0.05925114452838898,0.024509230628609657,0.0009133815765380859,0.001097559928894043,0.0009953975677490234,"[1.0, 0.3333333432674408, 1.0, 0.7916666865348816]","[1.1401797533035278, 0.3009287714958191, 0.8531846404075623, 0.845255434513092]"
25,2,0.0006905198097229004,0.19586598873138428,0.07380765676498413,0.003706216812133789,0.10690313577651978,0.04007872939109802,0.0008046627044677734,0.001232445240020752,0.0009720126981846988,"[1.0, 0.3333333432674408, 1.0, 0.7916666865348816]","[0.7412934899330139, 0.29680347442626953, 1.1602749824523926, 0.8336778879165649]"
25,3,0.002371072769165039,0.2702059745788574,0.09843776375055313,0.0010506808757781982,0.11023524403572083,0.04216432571411133,0.0009126663208007812,0.0011000633239746094,0.0009954372653737664,"[1.0, 0.3333333432674408, 1.0, 0.7916666865348816]","[1.2239487171173096, 0.2608848214149475, 0.7203310132026672, 0.9296894669532776]"
26,1,0.0007494688034057617,0.1518658548593521,0.06805042922496796,0.0016713440418243408,0.09675478935241699,0.03961609676480293,0.0008061528205871582,0.0011175721883773804,0.0009843260049819946,"[0.44117647409439087, 0.2916666567325592, 0.5438596606254578, 0.375]","[0.3694465756416321, 0.28059929609298706, 0.7813355326652527, 0.26057496666908264]"
26,2,4.32133674621582e-05,0.1285332441329956,0.05790095776319504,0.0014091730117797852,0.07977795600891113,0.03812548518180847,0.0008691549301147461,0.0011034905910491943,0.0009923279285430908,"[0.44117647409439087, 0.2916666567325592, 0.5438596606254578, 0.375]","[0.5046657919883728, 0.26549261808395386, 0.34398582577705383, 0.4544927179813385]"
26,3,8.666515350341797e-05,0.01568901538848877,0.004899145103991032,0.00024640560150146484,0.009888648986816406,0.0038107535801827908,0.0008353590965270996,0.001106858253479004,0.0009899735450744629,"[0.44117647409439087, 0.2916666567325592, 0.5438596606254578, 0.375]","[0.4477173686027527, 0.2957700490951538, 0.5590418577194214, 0.3636417090892792]"
27,1,0.00016766786575317383,0.11207681894302368,0.04212995618581772,0.010333925485610962,0.10157863795757294,0.03759882599115372,0.0009524822235107422,0.0010466575622558594,0.000997304916381836,"[0.2647058963775635, 0.5833333134651184, 0.07017543911933899, 0.0416666679084301]","[0.31703105568885803, 0.6615286469459534, 0.19750331342220306, -0.004233877174556255]"
27,2,0.0013870000839233398,0.2763664126396179,0.08572948724031448,0.0020676255226135254,0.31313109397888184,0.07948517799377441,0.000819861888885498,0.0011091232299804688,0.0009896556148305535,"[0.2647058963775635, 0.5833333134651184, 0.07017543911933899, 0.0416666679084301]","[0.06550262868404388, 0.46380600333213806, -0.1410355269908905, 0.04502088204026222]"
27,3,0.003054574131965637,0.21413588523864746,0.06923036277294159,0.00018769502639770508,0.24142158031463623,0.06374278664588928,0.000842660665512085,0.001090407371520996,0.0009919703006744385,"[0.2647058963775635, 0.5833333134651184, 0.07017543911933899, 0.0416666679084301]","[0.1453365832567215, 0.48564612865448, -0.12003269046545029, 0.03882208466529846]"
28,1,0.0003931969404220581,0.03995981812477112,0.014537817798554897,0.00039273500442504883,0.03908205032348633,0.012424000538885593,0.0009596943855285645,0.0010623931884765625,0.0009971658000722528,"[0.20588235557079315, 0.625, 0.05263157933950424, 0.0833333358168602]","[0.19568513333797455, 0.6403903365135193, 0.1010858342051506, 0.09248652309179306]"
28,2,0.000705718994140625,0.09946656227111816,0.033854104578495026,0.00014483928680419922,0.09976082295179367,0.029632285237312317,0.0009572505950927734,0.001018524169921875,0.0009980598697438836,"[0.20588235557079315, 0.625, 0.05263157933950424, 0.0833333358168602]","[0.2967184782028198, 0.6892910599708557, 0.12250781804323196, 0.04674148932099342]"
28,3,0.0032901763916015625,0.1166461706161499,0.04288818687200546,0.0005460977554321289,0.1499744951725006,0.03934662044048309,0.0008314847946166992,0.0010998249053955078,0.0009923378238454461,"[0.20588235557079315, 0.625, 0.05263157933950424, 0.0833333358168602]","[0.15573425590991974, 0.591729462146759, -0.07803070545196533, 0.08020704984664917]"
29,1,9.943544864654541e-05,0.025552570819854736,0.008359728381037712,0.0008986443281173706,0.018554121255874634,0.007122523616999388,0.0008860230445861816,0.001098036766052246,0.0009930332889780402,"[0.23529411852359772, 0.75, 0.15789473056793213, 0.125]","[0.2510717809200287, 0.763328492641449, 0.18048681318759918, 0.1099926009774208]"
29,2,0.00023895502090454102,0.1889638900756836,0.05861469358205795,0.0038230419158935547,0.18151898682117462,0.05083581060171127,0.0008769631385803223,0.0010575056076049805,0.0009949406376108527,"[0.23529411852359772, 0.75, 0.15789473056793213, 0.125]","[0.07960879057645798, 0.67606520652771, 0.019516900181770325, 0.20313577353954315]"
29,3,0.0005879402160644531,0.1877727210521698,0.058252010494470596,0.003676176071166992,0.1800115406513214,0.050494883209466934,0.0008592009544372559,0.001062631607055664,0.000993231893517077,"[0.23529411852359772, 0.75, 0.15789473056793213, 0.125]","[0.08033766597509384, 0.6762826442718506, 0.02070661261677742, 0.2029246687889099]"
30,1,0.00021779537200927734,0.010374873876571655,0.004161454737186432,4.690885543823242e-05,0.005274087190628052,0.0025761884171515703,0.0007718205451965332,0.001162409782409668,0.0009851058712229133,"[0.20588235557079315, 0.0, 0.4385964870452881, 0.375]","[0.22174696624279022, 0.0025667091831564903, 0.43378356099128723, 0.3689022958278656]"
30,2,0.0003841519355773926,0.026634804904460907,0.011865084990859032,0.0009342432022094727,0.01612067222595215,0.007759074680507183,0.000758826732635498,0.0011674761772155762,0.0009818872204050422,"[0.20588235557079315, 0.0, 0.4385964870452881, 0.375]","[0.19806046783924103, 0.008564592339098454, 0.4799232482910156, 0.3584113121032715]"
30,3,0.0001569688320159912,0.019866734743118286,0.007422273047268391,0.00017789006233215332,0.01129835844039917,0.003714220831170678,0.0007606148719787598,0.0011682957410812378,0.0009819617262110114,"[0.20588235557079315, 0.0, 0.4385964870452881, 0.375]","[0.2279287576675415, -0.004103485960513353, 0.4183870255947113, 0.37330183386802673]"
31,1,0.0015949904918670654,0.16049444675445557,0.057956814765930176,0.0004799365997314453,0.061666637659072876,0.026009419932961464,0.0008895397186279297,0.00115203857421875,0.0009916225681081414,"[0.5882353186607361, 0.2916666567325592, 0.6842105388641357, 0.7083333134651184]","[0.6880732774734497, 0.21746766567230225, 0.5172920823097229, 0.8012205362319946]"
31,2,0.0025013983249664307,0.29030048847198486,0.12065297365188599,0.0014799833297729492,0.18998339772224426,0.06915145367383957,0.0008172392845153809,0.001101374626159668,0.0009906888008117676,"[0.5882353186607361, 0.2916666567325592, 0.6842105388641357, 0.7083333134651184]","[0.4016474485397339, 0.3684729039669037, 1.0916301012039185, 0.5975437760353088]"
31,3,0.0013248324394226074,0.19632618129253387,0.07980817556381226,0.00025349855422973633,0.12875470519065857,0.04417090490460396,0.0008052587509155273,0.001102447509765625,0.0009886423358693719,"[0.5882353186607361, 0.2916666567325592, 0.6842105388641357, 0.7083333134651184]","[0.44291210174560547, 0.3410772681236267, 0.9463251233100891, 0.6351493000984192]"
32,1,0.0009431540966033936,0.13437104225158691,0.04409683868288994,0.0018271803855895996,0.15037640929222107,0.04097716510295868,0.000846177339553833,0.0010662078857421875,0.0009926259517669678,"[0.14705882966518402, 0.5833333134651184, 0.15789473056793213, 0.0416666679084301]","[0.09974128007888794, 0.5158963799476624, 0.029760735109448433, 0.021675020456314087]"
32,2,0.0012300312519073486,0.28954017162323,0.10593242198228836,0.024706721305847168,0.24037225544452667,0.09360441565513611,0.0008764863014221191,0.001101851463317871,0.0009906888008117676,"[0.14705882966518402, 0.5833333134651184, 0.15789473056793213, 0.0416666679084301]","[0.27356261014938354, 0.7599951028823853, 0.4849376082420349, -0.09367948025465012]"
32,3,0.0005164146423339844,0.03982079029083252,0.013720453716814518,6.794929504394531e-05,0.03512563556432724,0.010516651906073093,0.0008848011493682861,0.0010578632354736328,0.0009943345794454217,"[0.14705882966518402, 0.5833333134651184, 0.15789473056793213, 0.0416666679084301]","[0.09663467109203339, 0.5574085116386414, 0.15292568504810333, 0.04445621743798256]"
33,1,0.0014110803604125977,0.21094191074371338,0.09182538837194443,0.005536109209060669,0.18822027742862701,0.07657410949468613,0.0008669495582580566,0.0011165142059326172,0.0009930332889780402,"[0.20588235557079315, 0.4166666567325592, 0.10526315867900848, 0.0416666679084301]","[0.23593829572200775, 0.5602615475654602, 0.40770506858825684, -0.036108843982219696]"
33,2,0.006217211484909058,0.1909806728363037,0.0789313018321991,0.00432974100112915,0.1686624437570572,0.06707063317298889,0.0009354650974273682,0.0010540485382080078,0.000996321439743042,"[0.20588235557079315, 0.4166666567325592, 0.10526315867900848, 0.0416666679084301]","[0.2536269426345825, 0.5468752980232239, 0.35952475666999817, -0.029622141271829605]"
33,3,0.00046771764755249023,0.024125725030899048,0.00985608622431755,0.00013118982315063477,0.0162351131439209,0.006895577535033226,0.0009479522705078125,0.001051187515258789,0.0009977022418752313,"[0.20588235557079315, 0.4166666567325592, 0.10526315867900848, 0.0416666679084301]","[0.21841062605381012, 0.4061429500579834, 0.07223110646009445, 0.04334413260221481]"
34,1,0.00010913610458374023,0.1889933943748474,0.08121088892221451,0.009360343217849731,0.1482350081205368,0.06560685485601425,0.0008890032768249512,0.0010951757431030273,0.000994861125946045,"[0.23529411852359772, 0.5416666865348816, 0.12280701845884323, 0.1666666716337204]","[0.24388475716114044, 0.6439810395240784, 0.40161842107772827, 0.06903792917728424]"
34,2,0.002446115016937256,0.20533430576324463,0.08913709223270416,0.006481915712356567,0.18886259198188782,0.07414902001619339,0.0009617507457733154,0.0010190010070800781,0.000996659160591662,"[0.23529411852359772, 0.5416666865348816, 0.12280701845884323, 0.1666666716337204]","[0.20933111011981964, 0.40807193517684937, -0.1723410040140152, 0.23362748324871063]"
34,3,0.0020435452461242676,0.1460743546485901,0.05870357155799866,0.0011566877365112305,0.11780928075313568,0.048818111419677734,0.0008810758590698242,0.0011008977890014648,0.0009935697307810187,"[0.23529411852359772, 0.5416666865348816, 0.12280701845884323, 0.1666666716337204]","[0.26562654972076416, 0.62745600938797, 0.3178442716598511, 0.09407320618629456]"
35,1,0.0011271834373474121,0.31741616129875183,0.11104433238506317,0.011390835046768188,0.14023716747760773,0.06377285718917847,0.000870823860168457,0.0010595321655273438,0.0009783705463632941,"[0.38235294818878174, 0.2916666567325592, 0.5614035129547119, 0.5]","[0.43112364411354065, 0.11573495715856552, 0.2140212506055832, 0.7068179249763489]"
35,2,5.7220458984375e-06,0.044529423117637634,0.018737299367785454,3.94284725189209e-05,0.025594353675842285,0.010409544222056866,0.0008605122566223145,0.0011019706726074219,0.0009929537773132324,"[0.38235294818878174, 0.2916666567325592, 0.5614035129547119, 0.5]","[0.41941848397254944, 0.2873326539993286, 0.49904966354370117, 0.5186201333999634]"
35,3,6.890296936035156e-05,0.01269066333770752,0.003994932398200035,0.00020933151245117188,0.00866246223449707,0.003204955253750086,0.0008428692817687988,0.0011056065559387207,0.0009911457309499383,"[0.38235294818878174, 0.2916666567325592, 0.5614035129547119, 0.5]","[0.3925643563270569, 0.2979620397090912, 0.569817066192627, 0.491552472114563]"
36,1,0.00010148435831069946,0.06545853614807129,0.022887207567691803,0.0004849433898925781,0.05279405415058136,0.01779012382030487,0.000957101583480835,0.001038193702697754,0.0009963413467630744,"[0.23529411852359772, 0.5833333134651184, 0.08771929889917374, 0.0416666679084301]","[0.3102906346321106, 0.6260465383529663, 0.11508191376924515, 0.006461096927523613]"
36,2,0.007844626903533936,0.2792742848396301,0.09152248501777649,0.001168668270111084,0.32651978731155396,0.08273020386695862,0.0008202195167541504,0.00110626220703125,0.0009907683124765754,"[0.23529411852359772, 0.5833333134651184, 0.08771929889917374, 0.0416666679084301]","[0.07041452825069427, 0.4772471785545349, -0.16082200407981873, 0.031228162348270416]"
36,3,0.000637441873550415,0.1715247631072998,0.06515160202980042,0.013887792825698853,0.15639805793762207,0.05787654221057892,0.0009284317493438721,0.0010622739791870117,0.000996321439743042,"[0.23529411852359772, 0.5833333134651184, 0.08771929889917374, 0.0416666679084301]","[0.30811047554016113, 0.7022038102149963, 0.28788697719573975, -0.025516487658023834]"
37,1,0.0010110735893249512,0.1733635812997818,0.07639174163341522,0.0007825493812561035,0.11197501420974731,0.0532863512635231,0.0008816123008728027,0.0010913312435150146,0.0009904205799102783,"[0.4117647111415863, 0.4166666567325592, 0.5614035129547119, 0.4583333432674408]","[0.46968555450439453, 0.36252209544181824, 0.2967540919780731, 0.5681002140045166]"
37,2,0.0023525357246398926,0.08603624999523163,0.0394924134016037,0.0009388774633407593,0.057828545570373535,0.025233227759599686,0.0008332729339599609,0.001105189323425293,0.0009867748012766242,"[0.4117647111415863, 0.4166666567325592, 0.5614035129547119, 0.4583333432674408]","[0.46073880791664124, 0.4075876772403717, 0.4246766269207001, 0.5113942623138428]"
37,3,2.4437904357910156e-05,0.020312488079071045,0.0069003333337605,0.0006783604621887207,0.012973666191101074,0.005359869450330734,0.0008225440979003906,0.0011208057403564453,0.0009899139404296875,"[0.4117647111415863, 0.4166666567325592, 0.5614035129547119, 0.4583333432674408]","[0.4062373638153076, 0.4098106324672699, 0.5386393070220947, 0.47318750619888306]"
38,1,3.460049629211426e-05,0.09415960311889648,0.03597540408372879,0.0004918575286865234,0.056538939476013184,0.019942037761211395,0.0008547306060791016,0.0011882781982421875,0.0009860595455393195,"[1.0, 0.75, 1.0, 0.875]","[0.8685581684112549, 0.7259982228279114, 1.0690655708312988, 0.9014372229576111]"
38,2,0.00031697750091552734,0.14791113138198853,0.05405629053711891,0.0012402534484863281,0.07509195804595947,0.028518304228782654,0.0008254647254943848,0.0010993480682373047,0.0009907683124765754,"[1.0, 0.75, 1.0, 0.875]","[0.8227318525314331, 0.7377812266349792, 1.1372652053833008, 0.897614598274231]"
38,3,0.0002849996089935303,0.09955954551696777,0.03793208673596382,0.0005025863647460938,0.05927795171737671,0.020994357764720917,0.0009336471557617188,0.0010328292846679688,0.0009980996837839484,"[1.0, 0.75, 1.0, 0.875]","[0.8617120981216431, 0.7249775528907776, 1.073444128036499, 0.902942419052124]"
39,1,0.0014340877532958984,0.11888563632965088,0.043202005326747894,0.001994192600250244,0.14770714938640594,0.03996231034398079,0.0008462071418762207,0.0010815858840942383,0.0009927948703989387,"[0.0882352963089943, 0.5, 0.07017543911933899, 0.0416666679084301]","[0.050888799130916595, 0.45697781443595886, -0.06398244947195053, 0.030391739681363106]"
39,2,0.0038621127605438232,0.3392399549484253,0.11846302449703217,0.0216064453125,0.3126002252101898,0.10799333453178406,0.0008989572525024414,0.0010842084884643555,0.000994563102722168,"[0.0882352963089943, 0.5, 0.07017543911933899, 0.0416666679084301]","[0.2762901782989502, 0.7203189730644226, 0.40837588906288147, -0.05902094766497612]"
39,3,0.001606583595275879,0.04711863398551941,0.017427584156394005,0.0002117753028869629,0.052157022058963776,0.015162977389991283,0.0008837580680847168,0.0010607242584228516,0.000995298265479505,"[0.0882352963089943, 0.5, 0.07017543911933899, 0.0416666679084301]","[0.08872677385807037, 0.5241886973381042, 0.12462633103132248, 0.05439833551645279]"
40,1,0.000769197940826416,0.18655037879943848,0.08346305787563324,0.0032562613487243652,0.11572596430778503,0.04826818406581879,0.0008233785629272461,0.0010991096496582031,0.0009816488018259406,"[0.5588235259056091, 0.375, 0.5789473652839661, 0.5]","[0.4529888331890106, 0.3718963861465454, 0.8686013221740723, 0.37490811944007874]"
40,2,0.00037229061126708984,0.1584017276763916,0.06814613193273544,0.0009716153144836426,0.0953153669834137,0.03698796406388283,0.0008338689804077148,0.0011119842529296875,0.0009914636611938477,"[0.5588235259056091, 0.375, 0.5789473652839661, 0.5]","[0.4455254077911377, 0.36415761709213257, 0.8124225735664368, 0.4111603796482086]"
40,3,9.670853614807129e-06,0.01412343978881836,0.004694565664976835,0.0002117156982421875,0.009652256965637207,0.003825192805379629,0.0008471012115478516,0.0011053085327148438,0.0009905099868774414,"[0.5588235259056091, 0.375, 0.5789473652839661, 0.5]","[0.5658159255981445, 0.38228198885917664, 0.5924814939498901, 0.4902794063091278]"
41,1,0.003494858741760254,0.4098832607269287,0.14813432097434998,0.002673029899597168,0.1518675684928894,0.0674794390797615,0.0008987188339233398,0.001128554344177246,0.000992417335510254,"[0.4117647111415863, 0.2083333283662796, 0.7017543911933899, 0.7916666865348816]","[0.7092623114585876, 0.0353984534740448, 0.28549137711524963, 1.0056252479553223]"
41,2,0.0009499788284301758,0.19748544692993164,0.07205517590045929,0.0002957582473754883,0.08159366250038147,0.03401891142129898,0.0008900165557861328,0.0011508464813232422,0.0009915431728586555,"[0.4117647111415863, 0.2083333283662796, 0.7017543911933899, 0.7916666865348816]","[0.5443230271339417, 0.12397681176662445, 0.49338212609291077, 0.9006319046020508]"
41,3,0.00010204315185546875,0.12714123725891113,0.0498359240591526,0.003874838352203369,0.0719141960144043,0.027132192626595497,0.0008699893951416016,0.0011543035507202148,0.0009706814889796078,"[0.4117647111415863, 0.2083333283662796, 0.7017543911933899, 0.7916666865348816]","[0.28658851981163025, 0.24022158980369568, 0.8505927324295044, 0.7697094678878784]"
42,1,0.0057465434074401855,0.5252134799957275,0.17228320240974426,0.003814101219177246,0.5308313369750977,0.13342608511447906,0.0005401968955993652,0.0012793540954589844,0.0009497602586634457,"[0.3529411852359772, 0.9166666865348816, 0.07017543911933899, 0.0416666679084301]","[-0.036208946257829666, 0.8650826215744019, -0.3837469220161438, 0.12502309679985046]"
42,2,0.0003669261932373047,0.10869994759559631,0.03890131413936615,0.0011223554611206055,0.11817136406898499,0.0326932892203331,0.0009258389472961426,0.0010657310485839844,0.0009974042186513543,"[0.3529411852359772, 0.9166666865348816, 0.07017543911933899, 0.0416666679084301]","[0.3059385120868683, 0.9084020256996155, -0.05383647605776787, 0.06371191889047623]"
42,3,0.0037863850593566895,0.3524572253227234,0.11503156274557114,0.01030150055885315,0.3687981069087982,0.09355844557285309,0.0007086396217346191,0.0011830329895019531,0.0009777346858754754,"[0.3529411852359772, 0.9166666865348816, 0.07017543911933899, 0.0416666679084301]","[0.1132255494594574, 0.8815752267837524, -0.24811455607414246, 0.11440409719944]"
43,1,0.0009577274322509766,0.13844004273414612,0.056509051471948624,0.00044405460357666016,0.09366612136363983,0.039310142397880554,0.0007652640342712402,0.0011061429977416992,0.0009859800338745117,"[0.5, 0.4166666567325592, 0.6666666865348816, 0.7083333134651184]","[0.47466763854026794, 0.47172629833221436, 0.8593587279319763, 0.6178139448165894]"
43,2,0.001858055591583252,0.14941224455833435,0.06435230374336243,0.0021463334560394287,0.09511704742908478,0.03953869640827179,0.0007843971252441406,0.001105189323425293,0.0009884834289550781,"[0.5, 0.4166666567325592, 0.6666666865348816, 0.7083333134651184]","[0.42106252908706665, 0.45524975657463074, 0.8868548274040222, 0.6287892460823059]"
43,3,0.0012097954750061035,0.05913218855857849,0.02420666813850403,0.0004673600196838379,0.03954480588436127,0.01486441120505333,0.0007798075675964355,0.00110626220703125,0.0009871125221252441,"[0.5, 0.4166666567325592, 0.6666666865348816, 0.7083333134651184]","[0.5345416069030762, 0.39804643392562866, 0.5860710144042969, 0.7362338900566101]"
44,1,0.0010693073272705078,0.18175756931304932,0.06208670511841774,0.002053499221801758,0.0893908143043518,0.03018162027001381,0.0009102821350097656,0.0011176466941833496,0.0009946624049916863,"[0.44117647409439087, 0.2916666567325592, 0.719298243522644, 0.75]","[0.4989875257015228, 0.19648079574108124, 0.5364869832992554, 0.8736943006515503]"
44,2,0.005752205848693848,0.4101211428642273,0.14877618849277496,0.004013538360595703,0.1573195457458496,0.06754831969738007,0.0008960962295532227,0.0011394619941711426,0.000992635847069323,"[0.44117647409439087, 0.2916666567325592, 0.719298243522644, 0.75]","[0.7259971499443054, 0.11329814046621323, 0.2964860200881958, 0.9699109792709351]"
44,3,0.002226412296295166,0.247806578874588,0.10623866319656372,0.0028978586196899414,0.17097964882850647,0.06983684748411179,0.000813603401184082,0.001102447509765625,0.0009910663357004523,"[0.44117647409439087, 0.2916666567325592, 0.719298243522644, 0.75]","[0.35978320240974426, 0.3895418643951416, 1.086435317993164, 0.6292219161987305]"
45,1,0.0015929937362670898,0.37129247188568115,0.13181641697883606,0.006872773170471191,0.1834339201450348,0.058146361261606216,0.0009065866470336914,0.001090407371520996,0.0009954571723937988,"[0.5, 0.0833333358168602, 0.5263158082962036, 0.375]","[0.5722016096115112, -0.26832160353660583, 0.1926821768283844, 0.49456819891929626]"
45,2,0.0006700754165649414,0.02425864338874817,0.009101241827011108,0.0003400743007659912,0.018642812967300415,0.007201183121651411,0.0008538365364074707,0.0010988116264343262,0.0009910663357004523,"[0.5, 0.0833333358168602, 0.5263158082962036, 0.375]","[0.5159390568733215, 0.1062873899936676, 0.547358512878418, 0.36171281337738037]"
45,3,0.0012657642364501953,0.2722936272621155,0.09155422449111938,0.0021020174026489258,0.14458614587783813,0.04410144314169884,0.0008903741836547852,0.001162111759185791,0.0009918808937072754,"[0.5, 0.0833333358168602, 0.5263158082962036, 0.375]","[0.4806438386440277, -0.15525029599666595, 0.2952128052711487, 0.5153883099555969]"
46,1,0.0002466440200805664,0.15008015930652618,0.0675235390663147,0.003417789936065674,0.09721654653549194,0.04289444908499718,0.0008949935436248779,0.0010715126991271973,0.0009900828590616584,"[0.3235294222831726, 0.4166666567325592, 0.6140350699424744, 0.5833333134651184]","[0.3909367620944977, 0.38231945037841797, 0.3818555772304535, 0.6838552951812744]"
46,2,8.344650268554688e-07,0.01705390214920044,0.00548618845641613,0.00021776556968688965,0.011119842529296875,0.004362963140010834,0.0008470714092254639,0.0011046528816223145,0.0009910365333780646,"[0.3235294222831726, 0.4166666567325592, 0.6140350699424744, 0.5833333134651184]","[0.31600362062454224, 0.4100746214389801, 0.5974122285842896, 0.5954602360725403]"
46,3,0.0006284117698669434,0.04014480113983154,0.01684032753109932,0.00042235851287841797,0.0246029794216156,0.009026802144944668,0.0008501112461090088,0.0011054277420043945,0.0009921491146087646,"[0.3235294222831726, 0.4166666567325592, 0.6140350699424744, 0.5833333134651184]","[0.29202479124069214, 0.412782222032547, 0.6707611680030823, 0.5626090168952942]"
47,1,0.001107931137084961,0.12184947729110718,0.049142561852931976,0.0007110238075256348,0.08525463938713074,0.031226981431245804,0.0007993578910827637,0.0011026859283447266,0.000989894033409655,"[0.5588235259056091, 0.5833333134651184, 0.7719298005104065, 0.9166666865348816]","[0.5065381526947021, 0.6364776492118835, 0.9375805258750916, 0.8682491779327393]"
47,2,0.0002511739730834961,0.01770082116127014,0.006520398892462254,4.83095645904541e-05,0.013016283512115479,0.004758717026561499,0.0008033514022827148,0.0011022090911865234,0.000989715219475329,"[0.5588235259056091, 0.5833333134651184, 0.7719298005104065, 0.9166666865348816]","[0.536063551902771, 0.5709016919136047, 0.7694177031517029, 0.9277506470680237]"
47,3,0.0003675222396850586,0.07111556828022003,0.02876695804297924,5.2616000175476074e-05,0.04843562841415405,0.01769174262881279,0.0007733702659606934,0.001108407974243164,0.000985523103736341,"[0.5588235259056091, 0.5833333134651184, 0.7719298005104065, 0.9166666865348816]","[0.5948528051376343, 0.556496798992157, 0.6754865646362305, 0.9482247233390808]"
48,1,0.00016504526138305664,0.018677398562431335,0.007511194795370102,0.0002251937985420227,0.009608238935470581,0.0037909026723355055,0.0007387399673461914,0.001114964485168457,0.0009813705692067742,"[0.3529411852359772, 0.125, 0.5263158082962036, 0.5]","[0.3737717270851135, 0.12505601346492767, 0.5050963163375854, 0.5059870481491089]"
48,2,0.0025595426559448242,0.12901976704597473,0.05417976155877113,0.002096414566040039,0.08529993891716003,0.03656527027487755,0.0007942318916320801,0.0011014938354492188,0.0009890198707580566,"[0.3529411852359772, 0.125, 0.5263158082962036, 0.5]","[0.3227693736553192, 0.16742612421512604, 0.7125997543334961, 0.41194236278533936]"
48,3,0.00010865926742553711,0.0467914342880249,0.015561677515506744,7.215142250061035e-05,0.03261759877204895,0.008879321627318859,0.0007312893867492676,0.001127481460571289,0.00098341703414917,"[0.3529411852359772, 0.125, 0.5263158082962036, 0.5]","[0.31477922201156616, 0.09174942225217819, 0.5030558109283447, 0.5355743169784546]"
49,1,0.003989994525909424,0.3398604094982147,0.10712388902902603,0.0038953423500061035,0.32039588689804077,0.08803437650203705,0.0008848309516906738,0.0010523796081542969,0.0009933511028066278,"[0.3235294222831726, 0.7916666865348816, 0.12280701845884323, 0.125]","[0.07818178087472916, 0.6796905398368835, -0.15957607328891754, 0.2562566101551056]"
49,2,0.0011655688285827637,0.18258744478225708,0.0620134100317955,0.01143336296081543,0.16535584628582,0.05362079292535782,0.0007318854331970215,0.0012559890747070312,0.0009715755586512387,"[0.3235294222831726, 0.7916666865348816, 0.12280701845884323, 0.125]","[0.21920910477638245, 0.7098689079284668, -0.05807246267795563, 0.19998449087142944]"
49,3,0.01336100697517395,0.4819932281970978,0.15173059701919556,0.01324838399887085,0.4585750699043274,0.12187685072422028,0.0008282661437988281,0.001096963882446289,0.000991264940239489,"[0.3235294222831726, 0.7916666865348816, 0.12280701845884323, 0.125]","[-0.045211344957351685, 0.6631610989570618, -0.2685258090496063, 0.2714618444442749]"
50,1,0.0014243125915527344,0.08857350051403046,0.04044145345687866,0.002935171127319336,0.06024503707885742,0.025399301201105118,0.0007635354995727539,0.0011624693870544434,0.0009831389179453254,"[0.20588235557079315, 0.125, 0.4035087823867798, 0.375]","[0.16357727348804474, 0.12879113852977753, 0.5444481372833252, 0.312449187040329]"
50,2,0.0006382465362548828,0.288601815700531,0.12743081152439117,0.006116807460784912,0.17222833633422852,0.07718458771705627,0.000732123851776123,0.0011800378561019897,0.0009786039590835571,"[0.20588235557079315, 0.125, 0.4035087823867798, 0.375]","[0.05870823562145233, 0.10275493562221527, 0.844795286655426, 0.15747249126434326]"
50,3,0.0009048581123352051,0.21886342763900757,0.07658525556325912,8.103251457214355e-05,0.11840629577636719,0.046168502420186996,0.0008800029754638672,0.001089736819267273,0.00099312758538872,"[0.20588235557079315, 0.125, 0.4035087823867798, 0.375]","[0.1740453690290451, -0.023690804839134216, 0.17098449170589447, 0.5114589333534241]"
