input_id,epsilon,data_type,rank,neuron_idx,value,token_idx
1,0.1,z_original,1,1512.0,39.65625,
1,0.1,z_original,2,1927.0,-12.953125,
1,0.1,z_original,3,392.0,11.890625,
1,0.1,z_original,4,3971.0,11.78125,
1,0.1,z_original,5,269.0,10.546875,
1,0.1,z_original,6,2660.0,-9.609375,
1,0.1,z_original,7,2358.0,9.59375,
1,0.1,z_original,8,2184.0,-9.296875,
1,0.1,z_original,9,3402.0,9.0546875,
1,0.1,z_original,10,3830.0,8.9921875,
1,0.1,z_original,11,2604.0,-8.5,
1,0.1,z_original,12,2330.0,8.4609375,
1,0.1,z_original,13,2977.0,-7.9921875,
1,0.1,z_original,14,1130.0,-7.86328125,
1,0.1,z_original,15,1360.0,-7.76171875,
1,0.1,z_original,16,486.0,-7.73046875,
1,0.1,z_original,17,3241.0,7.66796875,
1,0.1,z_original,18,272.0,-7.1171875,
1,0.1,z_original,19,3582.0,-7.109375,
1,0.1,z_original,20,3981.0,6.984375,
1,0.1,z_final,1,1512.0,39.65625,
1,0.1,z_final,2,1927.0,-13.053125381469728,
1,0.1,z_final,3,392.0,11.990625381469728,
1,0.1,z_final,4,3971.0,11.681249618530272,
1,0.1,z_final,5,269.0,10.646875381469728,
1,0.1,z_final,6,2660.0,-9.709375381469728,
1,0.1,z_final,7,2358.0,9.59375,
1,0.1,z_final,8,2184.0,-9.396875381469728,
1,0.1,z_final,9,3830.0,8.9921875,
1,0.1,z_final,10,3402.0,8.954687118530273,
1,0.1,z_final,11,2330.0,8.560937881469727,
1,0.1,z_final,12,2604.0,-8.5,
1,0.1,z_final,13,2977.0,-7.9921875,
1,0.1,z_final,14,1130.0,-7.86328125,
1,0.1,z_final,15,486.0,-7.830468654632568,
1,0.1,z_final,16,1360.0,-7.661718845367432,
1,0.1,z_final,17,3241.0,7.567968845367432,
1,0.1,z_final,18,272.0,-7.1171875,
1,0.1,z_final,19,3582.0,-7.109375,
1,0.1,z_final,20,3981.0,6.984375,
1,0.1,softmax_original,1,,0.8930634260177612,3681.0
1,0.1,softmax_original,2,,0.0345411486923694,263.0
1,0.1,softmax_original,3,,0.0096845747902989,2998.0
1,0.1,softmax_original,4,,0.0070159481838345,5982.0
1,0.1,softmax_original,5,,0.0055358251556754,2000.0
1,0.1,softmax_original,6,,0.0042777340859174,278.0
1,0.1,softmax_original,7,,0.0034582926891744,856.0
1,0.1,softmax_original,8,,0.0031993191223591,385.0
1,0.1,softmax_original,9,,0.0028357347473502,451.0
1,0.1,softmax_original,10,,0.0023090422619134,4257.0
1,0.1,softmax_original,11,,0.0015729191945865,903.0
1,0.1,softmax_original,12,,0.0012975204735994,22444.0
1,0.1,softmax_original,13,,0.0012589114485308,884.0
1,0.1,softmax_original,14,,0.0012528068618848,1459.0
1,0.1,softmax_original,15,,0.0011857650242745,697.0
1,0.1,softmax_original,16,,0.0011459721717983,2869.0
1,0.1,softmax_original,17,,0.001096200547181,2177.0
1,0.1,softmax_original,18,,0.0007470058044418,24046.0
1,0.1,softmax_original,19,,0.0007197310915216,29901.0
1,0.1,softmax_original,20,,0.0005827753921039,6200.0
1,0.1,softmax_final,1,,0.3315927386283874,263.0
1,0.1,softmax_final,2,,0.3311291337013244,3681.0
1,0.1,softmax_final,3,,0.047940969467163,2998.0
1,0.1,softmax_final,4,,0.0302106551826,5982.0
1,0.1,softmax_final,5,,0.0294873919337987,278.0
1,0.1,softmax_final,6,,0.0254423711448907,2000.0
1,0.1,softmax_final,7,,0.02127574570477,385.0
1,0.1,softmax_final,8,,0.018344547599554,856.0
1,0.1,softmax_final,9,,0.0152981784194707,451.0
1,0.1,softmax_final,10,,0.0096946125850081,4257.0
1,0.1,softmax_final,11,,0.0069657270796597,903.0
1,0.1,softmax_final,12,,0.0064006876200437,697.0
1,0.1,softmax_final,13,,0.0063920738175511,884.0
1,0.1,softmax_final,14,,0.0050882659852504,22444.0
1,0.1,softmax_final,15,,0.0049282698892056,2869.0
1,0.1,softmax_final,16,,0.0039823888801038,29901.0
1,0.1,softmax_final,17,,0.0036419378593564,1459.0
1,0.1,softmax_final,18,,0.0029231184162199,29892.0
1,0.1,softmax_final,19,,0.0027627693489193,24046.0
1,0.1,softmax_final,20,,0.0024255793541669,13.0
2,0.1,z_original,1,1360.0,-17.75,
2,0.1,z_original,2,3241.0,16.859375,
2,0.1,z_original,3,2660.0,-14.5,
2,0.1,z_original,4,3684.0,-10.6796875,
2,0.1,z_original,5,1176.0,-9.9375,
2,0.1,z_original,6,3830.0,9.84375,
2,0.1,z_original,7,269.0,9.515625,
2,0.1,z_original,8,1314.0,8.328125,
2,0.1,z_original,9,2021.0,-8.171875,
2,0.1,z_original,10,3971.0,8.1640625,
2,0.1,z_original,11,486.0,-8.1328125,
2,0.1,z_original,12,392.0,7.96875,
2,0.1,z_original,13,2084.0,-7.91015625,
2,0.1,z_original,14,2184.0,-7.859375,
2,0.1,z_original,15,3556.0,-7.83203125,
2,0.1,z_original,16,2358.0,7.80859375,
2,0.1,z_original,17,2281.0,-7.7734375,
2,0.1,z_original,18,2604.0,-7.6953125,
2,0.1,z_original,19,1839.0,-7.5078125,
2,0.1,z_original,20,1888.0,-7.32421875,
2,0.1,z_final,1,1360.0,-17.850000381469727,
2,0.1,z_final,2,3241.0,16.959375381469727,
2,0.1,z_final,3,2660.0,-14.600000381469728,
2,0.1,z_final,4,3684.0,-10.779687881469728,
2,0.1,z_final,5,1176.0,-9.9375,
2,0.1,z_final,6,3830.0,9.84375,
2,0.1,z_final,7,269.0,9.415624618530272,
2,0.1,z_final,8,1314.0,8.328125,
2,0.1,z_final,9,2021.0,-8.271875381469727,
2,0.1,z_final,10,3971.0,8.264062881469727,
2,0.1,z_final,11,392.0,8.068750381469727,
2,0.1,z_final,12,486.0,-8.032812118530273,
2,0.1,z_final,13,2184.0,-7.959374904632568,
2,0.1,z_final,14,3556.0,-7.932031154632568,
2,0.1,z_final,15,2084.0,-7.810156345367432,
2,0.1,z_final,16,2604.0,-7.795312404632568,
2,0.1,z_final,17,2281.0,-7.7734375,
2,0.1,z_final,18,2358.0,7.708593845367432,
2,0.1,z_final,19,1839.0,-7.607812404632568,
2,0.1,z_final,20,1888.0,-7.32421875,
2,0.1,softmax_original,1,,0.9200286865234376,278.0
2,0.1,softmax_original,2,,0.0289103519171476,451.0
2,0.1,softmax_original,3,,0.0154372164979577,263.0
2,0.1,softmax_original,4,,0.0028025298379361,856.0
2,0.1,softmax_original,5,,0.0025782042648643,385.0
2,0.1,softmax_original,6,,0.002198300557211,29892.0
2,0.1,softmax_original,7,,0.0016063336515799,5642.0
2,0.1,softmax_original,8,,0.0015869259368628,2000.0
2,0.1,softmax_original,9,,0.0015443923184648,2869.0
2,0.1,softmax_original,10,,0.0014895653584972,884.0
2,0.1,softmax_original,11,,0.0012386885937303,29901.0
2,0.1,softmax_original,12,,0.0011166046606376,694.0
2,0.1,softmax_original,13,,0.0009560239850543,1476.0
2,0.1,softmax_original,14,,0.0006817997200414,577.0
2,0.1,softmax_original,15,,0.0006805719458498,1286.0
2,0.1,softmax_original,16,,0.0005984430899843,2998.0
2,0.1,softmax_original,17,,0.0005864602862857,563.0
2,0.1,softmax_original,18,,0.0004249222401995,297.0
2,0.1,softmax_original,19,,0.0004093227616976,903.0
2,0.1,softmax_original,20,,0.0003867016930598,29973.0
2,0.1,softmax_final,1,,0.4169722199440002,451.0
2,0.1,softmax_final,2,,0.4164134860038757,278.0
2,0.1,softmax_final,3,,0.0302785634994506,263.0
2,0.1,softmax_final,4,,0.0104122683405876,856.0
2,0.1,softmax_final,5,,0.0078721418976783,5642.0
2,0.1,softmax_final,6,,0.0074478224851191,2869.0
2,0.1,softmax_final,7,,0.0068041551858186,2000.0
2,0.1,softmax_final,8,,0.0066488445736467,884.0
2,0.1,softmax_final,9,,0.0064584319479763,29892.0
2,0.1,softmax_final,10,,0.0056991656310856,385.0
2,0.1,softmax_final,11,,0.0048712412826716,694.0
2,0.1,softmax_final,12,,0.0043470575474202,29901.0
2,0.1,softmax_final,13,,0.0038506111595779,1476.0
2,0.1,softmax_final,14,,0.0027792260516434,1286.0
2,0.1,softmax_final,15,,0.0024130037054419,577.0
2,0.1,softmax_final,16,,0.0023832453880459,2998.0
2,0.1,softmax_final,17,,0.0023746876977384,563.0
2,0.1,softmax_final,18,,0.0016103759407997,6200.0
2,0.1,softmax_final,19,,0.0015363867860287,5517.0
2,0.1,softmax_final,20,,0.0015263420064002,5279.0
3,0.1,z_original,1,3241.0,7.07421875,
3,0.1,z_original,2,1839.0,-6.3203125,
3,0.1,z_original,3,2004.0,5.7109375,
3,0.1,z_original,4,1176.0,-5.60546875,
3,0.1,z_original,5,3727.0,5.51171875,
3,0.1,z_original,6,2575.0,5.2734375,
3,0.1,z_original,7,273.0,-5.1875,
3,0.1,z_original,8,1927.0,-5.125,
3,0.1,z_original,9,3831.0,5.0859375,
3,0.1,z_original,10,2404.0,-4.94921875,
3,0.1,z_original,11,3905.0,-4.921875,
3,0.1,z_original,12,3743.0,4.9140625,
3,0.1,z_original,13,2002.0,-4.8984375,
3,0.1,z_original,14,1026.0,4.8984375,
3,0.1,z_original,15,1788.0,4.890625,
3,0.1,z_original,16,3028.0,4.87109375,
3,0.1,z_original,17,445.0,-4.76953125,
3,0.1,z_original,18,3200.0,4.76171875,
3,0.1,z_original,19,269.0,4.75,
3,0.1,z_original,20,197.0,4.7109375,
3,0.1,z_final,1,3241.0,7.174218654632568,
3,0.1,z_final,2,1839.0,-6.420312404632568,
3,0.1,z_final,3,2004.0,5.810937404632568,
3,0.1,z_final,4,1176.0,-5.705468654632568,
3,0.1,z_final,5,3727.0,5.51171875,
3,0.1,z_final,6,2575.0,5.2734375,
3,0.1,z_final,7,273.0,-5.1875,
3,0.1,z_final,8,1927.0,-5.125,
3,0.1,z_final,9,3831.0,5.0859375,
3,0.1,z_final,10,2404.0,-4.94921875,
3,0.1,z_final,11,3905.0,-4.921875,
3,0.1,z_final,12,3743.0,4.9140625,
3,0.1,z_final,13,2002.0,-4.8984375,
3,0.1,z_final,14,1026.0,4.8984375,
3,0.1,z_final,15,1788.0,4.890625,
3,0.1,z_final,16,3028.0,4.87109375,
3,0.1,z_final,17,445.0,-4.76953125,
3,0.1,z_final,18,3200.0,4.661718845367432,
3,0.1,z_final,19,3114.0,4.65625,
3,0.1,z_final,20,269.0,4.650000095367432,
3,0.1,softmax_original,1,,0.7385081052780151,278.0
3,0.1,softmax_original,2,,0.0972119346261024,4266.0
3,0.1,softmax_original,3,,0.0498574972152709,1023.0
3,0.1,softmax_original,4,,0.0143962819129228,8024.0
3,0.1,softmax_original,5,,0.0134501224383711,607.0
3,0.1,softmax_original,6,,0.012739835307002,18577.0
3,0.1,softmax_original,7,,0.010854123160243,2894.0
3,0.1,softmax_original,8,,0.0078042251989245,9101.0
3,0.1,softmax_original,9,,0.0069819185882806,263.0
3,0.1,softmax_original,10,,0.0057523790746927,521.0
3,0.1,softmax_original,11,,0.0049178451299667,903.0
3,0.1,softmax_original,12,,0.0042519872076809,825.0
3,0.1,softmax_original,13,,0.0033434152137488,2211.0
3,0.1,softmax_original,14,,0.0027786726132035,3196.0
3,0.1,softmax_original,15,,0.0022807004861533,599.0
3,0.1,softmax_original,16,,0.0018317048670724,1716.0
3,0.1,softmax_original,17,,0.0017956993542611,13874.0
3,0.1,softmax_original,18,,0.0017122562276199,5094.0
3,0.1,softmax_original,19,,0.0012313809711486,3578.0
3,0.1,softmax_original,20,,0.0011819869978353,1784.0
3,0.1,softmax_final,1,,0.389980137348175,4266.0
3,0.1,softmax_final,2,,0.3894724249839782,278.0
3,0.1,softmax_final,3,,0.0681163370609283,1023.0
3,0.1,softmax_final,4,,0.0230438653379678,8024.0
3,0.1,softmax_final,5,,0.0218800641596317,18577.0
3,0.1,softmax_final,6,,0.0151754179969429,607.0
3,0.1,softmax_final,7,,0.0149744506925344,2894.0
3,0.1,softmax_final,8,,0.0119850793853402,9101.0
3,0.1,softmax_final,9,,0.0065772095695137,521.0
3,0.1,softmax_final,10,,0.0060875443741679,903.0
3,0.1,softmax_final,11,,0.0055449926294386,263.0
3,0.1,softmax_final,12,,0.0045255962759256,825.0
3,0.1,softmax_final,13,,0.0044034882448613,2211.0
3,0.1,softmax_final,14,,0.0034825187176465,3196.0
3,0.1,softmax_final,15,,0.0025569885037839,13874.0
3,0.1,softmax_final,16,,0.0023527927696704,5094.0
3,0.1,softmax_final,17,,0.0022634055931121,599.0
3,0.1,softmax_final,18,,0.0020328662358224,1716.0
3,0.1,softmax_final,19,,0.0016033962601795,3578.0
3,0.1,softmax_final,20,,0.0014395988546311,1784.0
4,0.1,z_original,1,392.0,10.03125,
4,0.1,z_original,2,2298.0,9.96875,
4,0.1,z_original,3,3241.0,9.296875,
4,0.1,z_original,4,3402.0,8.890625,
4,0.1,z_original,5,1512.0,8.71875,
4,0.1,z_original,6,514.0,-8.3515625,
4,0.1,z_original,7,2042.0,-8.140625,
4,0.1,z_original,8,3971.0,7.9375,
4,0.1,z_original,9,2084.0,-7.8046875,
4,0.1,z_original,10,2425.0,-7.53125,
4,0.1,z_original,11,1927.0,-7.078125,
4,0.1,z_original,12,1598.0,-7.03125,
4,0.1,z_original,13,4053.0,-6.9453125,
4,0.1,z_original,14,2118.0,6.578125,
4,0.1,z_original,15,2611.0,-6.53515625,
4,0.1,z_original,16,4076.0,-6.4609375,
4,0.1,z_original,17,3197.0,-6.453125,
4,0.1,z_original,18,3839.0,6.4296875,
4,0.1,z_original,19,2660.0,-6.421875,
4,0.1,z_original,20,3.0,-6.3671875,
4,0.1,z_final,1,392.0,10.131250381469728,
4,0.1,z_final,2,2298.0,9.96875,
4,0.1,z_final,3,3241.0,9.196874618530272,
4,0.1,z_final,4,3402.0,8.790624618530273,
4,0.1,z_final,5,1512.0,8.71875,
4,0.1,z_final,6,514.0,-8.3515625,
4,0.1,z_final,7,2042.0,-8.240625381469727,
4,0.1,z_final,8,3971.0,7.837500095367432,
4,0.1,z_final,9,2084.0,-7.8046875,
4,0.1,z_final,10,2425.0,-7.53125,
4,0.1,z_final,11,1927.0,-7.178124904632568,
4,0.1,z_final,12,1598.0,-7.03125,
4,0.1,z_final,13,4053.0,-6.9453125,
4,0.1,z_final,14,2118.0,6.578125,
4,0.1,z_final,15,2611.0,-6.53515625,
4,0.1,z_final,16,3839.0,6.529687404632568,
4,0.1,z_final,17,4076.0,-6.4609375,
4,0.1,z_final,18,3197.0,-6.453125,
4,0.1,z_final,19,3.0,-6.3671875,
4,0.1,z_final,20,2660.0,-6.321875095367432,
4,0.1,softmax_original,1,,0.4901208877563476,14235.0
4,0.1,softmax_original,2,,0.3250536620616913,29871.0
4,0.1,softmax_original,3,,0.1194196492433548,263.0
4,0.1,softmax_original,4,,0.0150141548365354,1048.0
4,0.1,softmax_original,5,,0.0117524666711688,3342.0
4,0.1,softmax_original,6,,0.0073282932862639,395.0
4,0.1,softmax_original,7,,0.0028380495496094,20928.0
4,0.1,softmax_original,8,,0.0026256630662828,27291.0
4,0.1,softmax_original,9,,0.0025004220660775,29901.0
4,0.1,softmax_original,10,,0.0024122444447129,2337.0
4,0.1,softmax_original,11,,0.0017521706176921,903.0
4,0.1,softmax_original,12,,0.0016239274991676,5186.0
4,0.1,softmax_original,13,,0.0014146623434498,3721.0
4,0.1,softmax_original,14,,0.0013218184467405,385.0
4,0.1,softmax_original,15,,0.0013104929821565,2183.0
4,0.1,softmax_original,16,,0.0012552089756354,4868.0
4,0.1,softmax_original,17,,0.0009214904857799,2820.0
4,0.1,softmax_original,18,,0.0008377585327252,13.0
4,0.1,softmax_original,19,,0.0006743491976521,278.0
4,0.1,softmax_original,20,,0.0005471054464578,421.0
4,0.1,softmax_final,1,,0.4138162434101105,29871.0
4,0.1,softmax_final,2,,0.4119443297386169,14235.0
4,0.1,softmax_final,3,,0.1147181540727615,263.0
4,0.1,softmax_final,4,,0.013734214939177,1048.0
4,0.1,softmax_final,5,,0.0104032885283231,3342.0
4,0.1,softmax_final,6,,0.0069966441951692,395.0
4,0.1,softmax_final,7,,0.0025485896039754,29901.0
4,0.1,softmax_final,8,,0.0023771536070853,20928.0
4,0.1,softmax_final,9,,0.0022417858708649,27291.0
4,0.1,softmax_final,10,,0.0021785900462418,2337.0
4,0.1,softmax_final,11,,0.0016472501447424,903.0
4,0.1,softmax_final,12,,0.0014240473974496,5186.0
4,0.1,softmax_final,13,,0.001247233711183,3721.0
4,0.1,softmax_final,14,,0.001235494739376,385.0
4,0.1,softmax_final,15,,0.0011845375411212,2183.0
4,0.1,softmax_final,16,,0.0011101582786068,4868.0
4,0.1,softmax_final,17,,0.0008699989411979,13.0
4,0.1,softmax_final,18,,0.0008256867295131,2820.0
4,0.1,softmax_final,19,,0.0006303582922555,278.0
4,0.1,softmax_final,20,,0.0004981563542969,421.0
5,0.1,z_original,1,3241.0,16.75,
5,0.1,z_original,2,1360.0,-12.6640625,
5,0.1,z_original,3,2617.0,9.25,
5,0.1,z_original,4,269.0,9.09375,
5,0.1,z_original,5,3556.0,-8.28125,
5,0.1,z_original,6,3402.0,8.03125,
5,0.1,z_original,7,3839.0,7.890625,
5,0.1,z_original,8,2042.0,-7.74609375,
5,0.1,z_original,9,3971.0,7.734375,
5,0.1,z_original,10,2771.0,-6.91796875,
5,0.1,z_original,11,3391.0,-6.765625,
5,0.1,z_original,12,2660.0,-6.71875,
5,0.1,z_original,13,2569.0,6.6015625,
5,0.1,z_original,14,1927.0,-6.46875,
5,0.1,z_original,15,2004.0,-6.40234375,
5,0.1,z_original,16,3383.0,6.3203125,
5,0.1,z_original,17,380.0,-6.265625,
5,0.1,z_original,18,1838.0,6.24609375,
5,0.1,z_original,19,4090.0,6.234375,
5,0.1,z_original,20,2358.0,6.19140625,
5,0.1,z_final,1,3241.0,16.649999618530273,
5,0.1,z_final,2,1360.0,-12.564062118530272,
5,0.1,z_final,3,2617.0,9.350000381469728,
5,0.1,z_final,4,269.0,9.09375,
5,0.1,z_final,5,3556.0,-8.181249618530273,
5,0.1,z_final,6,3839.0,7.990624904632568,
5,0.1,z_final,7,3402.0,7.931250095367432,
5,0.1,z_final,8,2042.0,-7.846093654632568,
5,0.1,z_final,9,3971.0,7.834374904632568,
5,0.1,z_final,10,2771.0,-7.017968654632568,
5,0.1,z_final,11,2569.0,6.701562404632568,
5,0.1,z_final,12,3391.0,-6.665625095367432,
5,0.1,z_final,13,2660.0,-6.618750095367432,
5,0.1,z_final,14,1927.0,-6.568749904632568,
5,0.1,z_final,15,2004.0,-6.502343654632568,
5,0.1,z_final,16,3571.0,-6.252343654632568,
5,0.1,z_final,17,3383.0,6.220312595367432,
5,0.1,z_final,18,380.0,-6.165625095367432,
5,0.1,z_final,19,1838.0,6.146093845367432,
5,0.1,z_final,20,4090.0,6.134375095367432,
5,0.1,softmax_original,1,,0.9913066029548644,8407.0
5,0.1,softmax_original,2,,0.0015648604603484,319.0
5,0.1,softmax_original,3,,0.001358552952297,4059.0
5,0.1,softmax_original,4,,0.0009897861164063,29909.0
5,0.1,softmax_original,5,,0.0006912351818755,3763.0
5,0.1,softmax_original,6,,0.0005851472960785,13.0
5,0.1,softmax_original,7,,0.0003662037779577,23266.0
5,0.1,softmax_original,8,,0.0001918901252793,2180.0
5,0.1,softmax_original,9,,0.0001863408397184,7260.0
5,0.1,softmax_original,10,,0.0001641996495891,1291.0
5,0.1,softmax_original,11,,0.0001553990005049,25951.0
5,0.1,softmax_original,12,,0.0001486399705754,376.0
5,0.1,softmax_original,13,,0.0001389708777423,10813.0
5,0.1,softmax_original,14,,0.0001385579962516,7740.0
5,0.1,softmax_original,15,,0.000107029096398,4049.0
5,0.1,softmax_original,16,,9.220933861797675e-05,5491.0
5,0.1,softmax_original,17,,8.522970165358856e-05,29871.0
5,0.1,softmax_original,18,,7.325443584704772e-05,2023.0
5,0.1,softmax_original,19,,6.883461901452392e-05,1976.0
5,0.1,softmax_original,20,,6.69414657750167e-05,4709.0
5,0.1,softmax_final,1,,0.2605498433113098,319.0
5,0.1,softmax_final,2,,0.2601992189884186,8407.0
5,0.1,softmax_final,3,,0.0921105667948722,29909.0
5,0.1,softmax_final,4,,0.0879632979631424,4059.0
5,0.1,softmax_final,5,,0.0782689377665519,13.0
5,0.1,softmax_final,6,,0.0451442785561084,3763.0
5,0.1,softmax_final,7,,0.0141675444319844,376.0
5,0.1,softmax_final,8,,0.0111280409619212,2180.0
5,0.1,softmax_final,9,,0.0108956256881356,29871.0
5,0.1,softmax_final,10,,0.0107921082526445,23266.0
5,0.1,softmax_final,11,,0.0084487088024616,1291.0
5,0.1,softmax_final,12,,0.0066973757930099,313.0
5,0.1,softmax_final,13,,0.005959456320852,7260.0
5,0.1,softmax_final,14,,0.0055560111068189,10813.0
5,0.1,softmax_final,15,,0.0053937467746436,7740.0
5,0.1,softmax_final,16,,0.0051105259917676,4049.0
5,0.1,softmax_final,17,,0.004878684412688,2023.0
5,0.1,softmax_final,18,,0.0045211599208414,856.0
5,0.1,softmax_final,19,,0.0043899887241423,5491.0
5,0.1,softmax_final,20,,0.0033604782074689,1976.0
6,0.1,z_original,1,3241.0,15.7734375,
6,0.1,z_original,2,787.0,14.3828125,
6,0.1,z_original,3,1415.0,13.859375,
6,0.1,z_original,4,2611.0,-13.453125,
6,0.1,z_original,5,1839.0,-13.0546875,
6,0.1,z_original,6,2084.0,-13.0078125,
6,0.1,z_original,7,3444.0,12.6640625,
6,0.1,z_original,8,3684.0,-11.171875,
6,0.1,z_original,9,1360.0,-10.46875,
6,0.1,z_original,10,149.0,9.3359375,
6,0.1,z_original,11,3700.0,9.296875,
6,0.1,z_original,12,3556.0,-8.6171875,
6,0.1,z_original,13,1927.0,-8.3984375,
6,0.1,z_original,14,2021.0,-8.21875,
6,0.1,z_original,15,3909.0,7.859375,
6,0.1,z_original,16,470.0,7.609375,
6,0.1,z_original,17,1573.0,-7.4609375,
6,0.1,z_original,18,1681.0,-7.3359375,
6,0.1,z_original,19,2357.0,-7.171875,
6,0.1,z_original,20,3402.0,7.03515625,
6,0.1,z_final,1,3241.0,15.7734375,
6,0.1,z_final,2,787.0,14.482812881469728,
6,0.1,z_final,3,1415.0,13.959375381469728,
6,0.1,z_final,4,2611.0,-13.353124618530272,
6,0.1,z_final,5,1839.0,-12.954687118530272,
6,0.1,z_final,6,2084.0,-12.907812118530272,
6,0.1,z_final,7,3444.0,12.564062118530272,
6,0.1,z_final,8,3684.0,-11.071874618530272,
6,0.1,z_final,9,1360.0,-10.368749618530272,
6,0.1,z_final,10,3700.0,9.296875,
6,0.1,z_final,11,149.0,9.235937118530272,
6,0.1,z_final,12,3556.0,-8.517187118530273,
6,0.1,z_final,13,1927.0,-8.498437881469727,
6,0.1,z_final,14,2021.0,-8.118749618530273,
6,0.1,z_final,15,3909.0,7.959374904632568,
6,0.1,z_final,16,470.0,7.509375095367432,
6,0.1,z_final,17,1573.0,-7.360937595367432,
6,0.1,z_final,18,1681.0,-7.3359375,
6,0.1,z_final,19,2357.0,-7.171875,
6,0.1,z_final,20,3402.0,7.03515625,
6,0.1,softmax_original,1,,0.9062568545341492,29973.0
6,0.1,softmax_original,2,,0.0346381813287735,297.0
6,0.1,softmax_original,3,,0.0223747584968805,13.0
6,0.1,softmax_original,4,,0.0105454875156283,29892.0
6,0.1,softmax_original,5,,0.0048432946205139,322.0
6,0.1,softmax_original,6,,0.0035753992851823,1577.0
6,0.1,softmax_original,7,,0.0024337177164852,29889.0
6,0.1,softmax_original,8,,0.0013392616529017,19148.0
6,0.1,softmax_original,9,,0.0012526928912848,472.0
6,0.1,softmax_original,10,,0.0010556882480159,29871.0
6,0.1,softmax_original,11,,0.0008410109439864,448.0
6,0.1,softmax_original,12,,0.0007324327016249,3001.0
6,0.1,softmax_original,13,,0.0006081741303205,393.0
6,0.1,softmax_original,14,,0.0005883955163881,313.0
6,0.1,softmax_original,15,,0.0004736180417239,29901.0
6,0.1,softmax_original,16,,0.0004207058227621,29991.0
6,0.1,softmax_original,17,,0.0003168454568367,526.0
6,0.1,softmax_original,18,,0.0003005651233252,746.0
6,0.1,softmax_original,19,,0.0002272240672027,363.0
6,0.1,softmax_original,20,,0.0002088504406856,304.0
6,0.1,softmax_final,1,,0.3652292788028717,297.0
6,0.1,softmax_final,2,,0.3652020990848541,29973.0
6,0.1,softmax_final,3,,0.1339749544858932,13.0
6,0.1,softmax_final,4,,0.043646965175867,29892.0
6,0.1,softmax_final,5,,0.0249190293252468,322.0
6,0.1,softmax_final,6,,0.0078549291938543,29889.0
6,0.1,softmax_final,7,,0.0061288122087717,472.0
6,0.1,softmax_final,8,,0.0060459468513727,1577.0
6,0.1,softmax_final,9,,0.0046573500148952,29871.0
6,0.1,softmax_final,10,,0.0035515250638127,19148.0
6,0.1,softmax_final,11,,0.0031292221974581,448.0
6,0.1,softmax_final,12,,0.0030287175904959,313.0
6,0.1,softmax_final,13,,0.0024600976612418,393.0
6,0.1,softmax_final,14,,0.0021791495382785,3001.0
6,0.1,softmax_final,15,,0.00130629632622,29901.0
6,0.1,softmax_final,16,,0.0010831869440153,363.0
6,0.1,softmax_final,17,,0.0010523688979446,746.0
6,0.1,softmax_final,18,,0.0010355091653764,526.0
6,0.1,softmax_final,19,,0.0009354965295642,304.0
6,0.1,softmax_final,20,,0.0008985598105937,408.0
7,0.1,z_original,1,1512.0,23.875,
7,0.1,z_original,2,525.0,9.828125,
7,0.1,z_original,3,2118.0,7.9453125,
7,0.1,z_original,4,2617.0,-7.703125,
7,0.1,z_original,5,3967.0,-7.359375,
7,0.1,z_original,6,392.0,7.296875,
7,0.1,z_original,7,486.0,-7.2109375,
7,0.1,z_original,8,3637.0,-7.06640625,
7,0.1,z_original,9,2813.0,6.6171875,
7,0.1,z_original,10,2021.0,-6.5625,
7,0.1,z_original,11,347.0,-6.51953125,
7,0.1,z_original,12,2330.0,6.39453125,
7,0.1,z_original,13,2660.0,-6.29296875,
7,0.1,z_original,14,1176.0,-6.25,
7,0.1,z_original,15,148.0,-6.1875,
7,0.1,z_original,16,1324.0,-6.15234375,
7,0.1,z_original,17,3241.0,6.046875,
7,0.1,z_original,18,2509.0,-6.0,
7,0.1,z_original,19,517.0,-5.953125,
7,0.1,z_original,20,3482.0,-5.921875,
7,0.1,z_final,1,1512.0,23.875,
7,0.1,z_final,2,525.0,9.828125,
7,0.1,z_final,3,2118.0,7.9453125,
7,0.1,z_final,4,2617.0,-7.803124904632568,
7,0.1,z_final,5,3967.0,-7.359375,
7,0.1,z_final,6,392.0,7.296875,
7,0.1,z_final,7,486.0,-7.2109375,
7,0.1,z_final,8,3637.0,-7.06640625,
7,0.1,z_final,9,2813.0,6.6171875,
7,0.1,z_final,10,2021.0,-6.5625,
7,0.1,z_final,11,347.0,-6.419531345367432,
7,0.1,z_final,12,2330.0,6.39453125,
7,0.1,z_final,13,2660.0,-6.29296875,
7,0.1,z_final,14,1176.0,-6.25,
7,0.1,z_final,15,148.0,-6.1875,
7,0.1,z_final,16,1324.0,-6.15234375,
7,0.1,z_final,17,3241.0,6.046875,
7,0.1,z_final,18,2509.0,-6.0,
7,0.1,z_final,19,3482.0,-5.921875,
7,0.1,z_final,20,2042.0,5.875,
7,0.1,softmax_original,1,,0.5322706699371338,12566.0
7,0.1,softmax_original,2,,0.3652229607105255,3013.0
7,0.1,softmax_original,3,,0.0222409348934888,5557.0
7,0.1,softmax_original,4,,0.0116775743663311,1371.0
7,0.1,softmax_original,5,,0.0112446174025535,367.0
7,0.1,softmax_original,6,,0.0087989810854196,2761.0
7,0.1,softmax_original,7,,0.0076611088588833,5040.0
7,0.1,softmax_original,8,,0.0058247633278369,24663.0
7,0.1,softmax_original,9,,0.0040213894098997,8372.0
7,0.1,softmax_original,10,,0.0035336592700332,29901.0
7,0.1,softmax_original,11,,0.0015058838762342,9080.0
7,0.1,softmax_original,12,,0.0013366200728341,5004.0
7,0.1,softmax_original,13,,0.0012626944808289,3867.0
7,0.1,softmax_original,14,,0.0012343726120889,4511.0
7,0.1,softmax_original,15,,0.0012319205561652,437.0
7,0.1,softmax_original,16,,0.0010835918365046,9437.0
7,0.1,softmax_original,17,,0.0010798162547871,1544.0
7,0.1,softmax_original,18,,0.0008801411022432,13.0
7,0.1,softmax_original,19,,0.0007541999220848,281.0
7,0.1,softmax_original,20,,0.0005553346709348,11592.0
7,0.1,softmax_final,1,,0.4470432698726654,3013.0
7,0.1,softmax_final,2,,0.4464314877986908,12566.0
7,0.1,softmax_final,3,,0.0222519226372241,5557.0
7,0.1,softmax_final,4,,0.0122246472164988,1371.0
7,0.1,softmax_final,5,,0.0119870929047465,367.0
7,0.1,softmax_final,6,,0.009252656251192,2761.0
7,0.1,softmax_final,7,,0.0080652087926864,5040.0
7,0.1,softmax_final,8,,0.0059571582823991,24663.0
7,0.1,softmax_final,9,,0.0040892492979764,8372.0
7,0.1,softmax_final,10,,0.0037114629521965,29901.0
7,0.1,softmax_final,11,,0.0016070075798779,9080.0
7,0.1,softmax_final,12,,0.0014009980950504,5004.0
7,0.1,softmax_final,13,,0.0013651755871251,3867.0
7,0.1,softmax_final,14,,0.0013105173129588,437.0
7,0.1,softmax_final,15,,0.0012844981392845,4511.0
7,0.1,softmax_final,16,,0.0011308952234685,1544.0
7,0.1,softmax_final,17,,0.0010897122556343,9437.0
7,0.1,softmax_final,18,,0.0009428451885469,13.0
7,0.1,softmax_final,19,,0.0008112206705845,281.0
7,0.1,softmax_final,20,,0.0005704907234758,11592.0
8,0.1,z_original,1,3241.0,16.21875,
8,0.1,z_original,2,3556.0,-15.875,
8,0.1,z_original,3,3444.0,15.21875,
8,0.1,z_original,4,2084.0,-14.078125,
8,0.1,z_original,5,1360.0,-13.203125,
8,0.1,z_original,6,1839.0,-13.015625,
8,0.1,z_original,7,3971.0,12.6484375,
8,0.1,z_original,8,1415.0,12.1015625,
8,0.1,z_original,9,2611.0,-10.5234375,
8,0.1,z_original,10,787.0,10.4375,
8,0.1,z_original,11,3909.0,8.8359375,
8,0.1,z_original,12,2660.0,-8.328125,
8,0.1,z_original,13,1573.0,-8.15625,
8,0.1,z_original,14,2357.0,-7.4453125,
8,0.1,z_original,15,2021.0,-7.2421875,
8,0.1,z_original,16,1640.0,-7.0,
8,0.1,z_original,17,1681.0,-6.8984375,
8,0.1,z_original,18,4076.0,-6.40625,
8,0.1,z_original,19,470.0,6.296875,
8,0.1,z_original,20,3150.0,6.09765625,
8,0.1,z_final,1,3241.0,16.21875,
8,0.1,z_final,2,3556.0,-15.774999618530272,
8,0.1,z_final,3,3444.0,15.21875,
8,0.1,z_final,4,2084.0,-13.978124618530272,
8,0.1,z_final,5,1360.0,-13.103124618530272,
8,0.1,z_final,6,1839.0,-12.915624618530272,
8,0.1,z_final,7,3971.0,12.548437118530272,
8,0.1,z_final,8,1415.0,12.201562881469728,
8,0.1,z_final,9,787.0,10.537500381469728,
8,0.1,z_final,10,2611.0,-10.423437118530272,
8,0.1,z_final,11,3909.0,8.935937881469727,
8,0.1,z_final,12,2660.0,-8.228124618530273,
8,0.1,z_final,13,1573.0,-8.056249618530273,
8,0.1,z_final,14,2357.0,-7.4453125,
8,0.1,z_final,15,2021.0,-7.142187595367432,
8,0.1,z_final,16,1640.0,-7.099999904632568,
8,0.1,z_final,17,1681.0,-6.798437595367432,
8,0.1,z_final,18,4076.0,-6.40625,
8,0.1,z_final,19,470.0,6.196875095367432,
8,0.1,z_final,20,3402.0,6.170312404632568,
8,0.1,softmax_original,1,,0.9293559193611144,29973.0
8,0.1,softmax_original,2,,0.0234013553708791,322.0
8,0.1,softmax_original,3,,0.0141633506864309,29892.0
8,0.1,softmax_original,4,,0.0073246215470135,297.0
8,0.1,softmax_original,5,,0.0058673862367868,13.0
8,0.1,softmax_original,6,,0.0036771057639271,373.0
8,0.1,softmax_original,7,,0.0035439727362245,7111.0
8,0.1,softmax_original,8,,0.0014396348269656,338.0
8,0.1,softmax_original,9,,0.0012374358484521,29889.0
8,0.1,softmax_original,10,,0.0011058513773605,3721.0
8,0.1,softmax_original,11,,0.0010839102324098,947.0
8,0.1,softmax_original,12,,0.0009677342022769,29901.0
8,0.1,softmax_original,13,,0.0009495714912191,313.0
8,0.1,softmax_original,14,,0.0006051913369446,746.0
8,0.1,softmax_original,15,,0.00054902973352,448.0
8,0.1,softmax_original,16,,0.0004696548276115,8679.0
8,0.1,softmax_original,17,,0.0004609843890648,1577.0
8,0.1,softmax_original,18,,0.000385866878787,472.0
8,0.1,softmax_original,19,,0.0002292294084327,29871.0
8,0.1,softmax_original,20,,0.0001770986127667,363.0
8,0.1,softmax_final,1,,0.3723134696483612,322.0
8,0.1,softmax_final,2,,0.3716961741447449,29973.0
8,0.1,softmax_final,3,,0.0891300290822982,29892.0
8,0.1,softmax_final,4,,0.0510556362569332,297.0
8,0.1,softmax_final,5,,0.0330033786594867,13.0
8,0.1,softmax_final,6,,0.0218633022159338,373.0
8,0.1,softmax_final,7,,0.0106181548908352,7111.0
8,0.1,softmax_final,8,,0.0065783290192484,338.0
8,0.1,softmax_final,9,,0.0059154080227017,313.0
8,0.1,softmax_final,10,,0.0051563624292612,29889.0
8,0.1,softmax_final,11,,0.0037090117111802,947.0
8,0.1,softmax_final,12,,0.0035679563879966,3721.0
8,0.1,softmax_final,13,,0.0032701150048524,29901.0
8,0.1,softmax_final,14,,0.0024936941917985,448.0
8,0.1,softmax_final,15,,0.0024698229972273,746.0
8,0.1,softmax_final,16,,0.0020691181998699,472.0
8,0.1,softmax_final,17,,0.0016527817351743,8679.0
8,0.1,softmax_final,18,,0.0010924657108262,29871.0
8,0.1,softmax_final,19,,0.0010069450363516,669.0
8,0.1,softmax_final,20,,0.0009477478452026,363.0
9,0.1,z_original,1,3241.0,16.15625,
9,0.1,z_original,2,2084.0,-13.984375,
9,0.1,z_original,3,1360.0,-11.90625,
9,0.1,z_original,4,392.0,11.046875,
9,0.1,z_original,5,2660.0,-10.6640625,
9,0.1,z_original,6,3971.0,9.453125,
9,0.1,z_original,7,269.0,9.0625,
9,0.1,z_original,8,1176.0,-9.0078125,
9,0.1,z_original,9,3556.0,-8.1796875,
9,0.1,z_original,10,4076.0,-8.1640625,
9,0.1,z_original,11,1839.0,-8.0078125,
9,0.1,z_original,12,2281.0,-7.18359375,
9,0.1,z_original,13,2021.0,-6.7109375,
9,0.1,z_original,14,1512.0,6.65625,
9,0.1,z_original,15,1927.0,-6.62890625,
9,0.1,z_original,16,2358.0,6.35546875,
9,0.1,z_original,17,2184.0,-6.27734375,
9,0.1,z_original,18,3150.0,6.2734375,
9,0.1,z_original,19,3830.0,6.06640625,
9,0.1,z_original,20,1681.0,-6.01171875,
9,0.1,z_final,1,3241.0,16.056249618530273,
9,0.1,z_final,2,2084.0,-13.984375,
9,0.1,z_final,3,1360.0,-12.006250381469728,
9,0.1,z_final,4,392.0,11.046875,
9,0.1,z_final,5,2660.0,-10.6640625,
9,0.1,z_final,6,3971.0,9.353124618530272,
9,0.1,z_final,7,269.0,9.0625,
9,0.1,z_final,8,1176.0,-9.0078125,
9,0.1,z_final,9,4076.0,-8.264062881469727,
9,0.1,z_final,10,3556.0,-8.079687118530273,
9,0.1,z_final,11,1839.0,-8.0078125,
9,0.1,z_final,12,2281.0,-7.18359375,
9,0.1,z_final,13,1512.0,6.65625,
9,0.1,z_final,14,1927.0,-6.62890625,
9,0.1,z_final,15,2021.0,-6.610937595367432,
9,0.1,z_final,16,2358.0,6.35546875,
9,0.1,z_final,17,2184.0,-6.27734375,
9,0.1,z_final,18,3150.0,6.2734375,
9,0.1,z_final,19,3830.0,6.06640625,
9,0.1,z_final,20,1681.0,-6.01171875,
9,0.1,softmax_original,1,,0.4756608307361603,385.0
9,0.1,softmax_original,2,,0.2955840229988098,278.0
9,0.1,softmax_original,3,,0.0735138431191444,263.0
9,0.1,softmax_original,4,,0.0369576774537563,29901.0
9,0.1,softmax_original,5,,0.0238048713654279,2000.0
9,0.1,softmax_original,6,,0.01902487128973,2998.0
9,0.1,softmax_original,7,,0.0121194757521152,5545.0
9,0.1,softmax_original,8,,0.0118012586608529,451.0
9,0.1,softmax_original,9,,0.0096911517903208,13.0
9,0.1,softmax_original,10,,0.0060404292307794,29973.0
9,0.1,softmax_original,11,,0.0033739760983735,903.0
9,0.1,softmax_original,12,,0.0026802783831954,439.0
9,0.1,softmax_original,13,,0.0026298437733203,825.0
9,0.1,softmax_original,14,,0.0018969912780448,856.0
9,0.1,softmax_original,15,,0.0018866568570956,472.0
9,0.1,softmax_original,16,,0.0017716927686706,2086.0
9,0.1,softmax_original,17,,0.0016381259774789,29871.0
9,0.1,softmax_original,18,,0.0014966974267736,1603.0
9,0.1,softmax_original,19,,0.0010887169046327,1554.0
9,0.1,softmax_original,20,,0.0008038404630497,3342.0
9,0.1,softmax_final,1,,0.377165675163269,278.0
9,0.1,softmax_final,2,,0.3769865930080414,385.0
9,0.1,softmax_final,3,,0.0757540836930275,263.0
9,0.1,softmax_final,4,,0.0400641821324825,29901.0
9,0.1,softmax_final,5,,0.026042602956295,2000.0
9,0.1,softmax_final,6,,0.0213515926152467,2998.0
9,0.1,softmax_final,7,,0.0131517387926578,5545.0
9,0.1,softmax_final,8,,0.0129311932250857,451.0
9,0.1,softmax_final,9,,0.0110600758343935,13.0
9,0.1,softmax_final,10,,0.0064749727025628,29973.0
9,0.1,softmax_final,11,,0.0035718420986086,903.0
9,0.1,softmax_final,12,,0.002944175619632,825.0
9,0.1,softmax_final,13,,0.0028474438004195,439.0
9,0.1,softmax_final,14,,0.0021106491331011,856.0
9,0.1,softmax_final,15,,0.0020578233525156,472.0
9,0.1,softmax_final,16,,0.0019652766641229,2086.0
9,0.1,softmax_final,17,,0.0017899270169436,29871.0
9,0.1,softmax_final,18,,0.0016581136733293,1603.0
9,0.1,softmax_final,19,,0.0011514415964484,1554.0
9,0.1,softmax_final,20,,0.0009055385598912,3342.0
10,0.1,z_original,1,2084.0,-15.40625,
10,0.1,z_original,2,3700.0,13.40625,
10,0.1,z_original,3,2660.0,-13.0625,
10,0.1,z_original,4,1176.0,-11.6875,
10,0.1,z_original,5,3971.0,11.4921875,
10,0.1,z_original,6,3444.0,10.296875,
10,0.1,z_original,7,2042.0,-9.9453125,
10,0.1,z_original,8,1839.0,-9.84375,
10,0.1,z_original,9,3830.0,9.421875,
10,0.1,z_original,10,3684.0,-9.375,
10,0.1,z_original,11,4053.0,8.9765625,
10,0.1,z_original,12,1360.0,-8.3828125,
10,0.1,z_original,13,257.0,-8.1953125,
10,0.1,z_original,14,3402.0,8.171875,
10,0.1,z_original,15,2622.0,-8.0625,
10,0.1,z_original,16,4076.0,-7.99609375,
10,0.1,z_original,17,3061.0,-7.9296875,
10,0.1,z_original,18,525.0,7.4296875,
10,0.1,z_original,19,3826.0,7.4296875,
10,0.1,z_original,20,2281.0,-7.3125,
10,0.1,z_final,1,2084.0,-15.506250381469728,
10,0.1,z_final,2,3700.0,13.506250381469728,
10,0.1,z_final,3,2660.0,-13.162500381469728,
10,0.1,z_final,4,1176.0,-11.6875,
10,0.1,z_final,5,3971.0,11.592187881469728,
10,0.1,z_final,6,3444.0,10.296875,
10,0.1,z_final,7,2042.0,-10.045312881469728,
10,0.1,z_final,8,1839.0,-9.743749618530272,
10,0.1,z_final,9,3684.0,-9.475000381469728,
10,0.1,z_final,10,3830.0,9.421875,
10,0.1,z_final,11,4053.0,8.9765625,
10,0.1,z_final,12,1360.0,-8.482812881469727,
10,0.1,z_final,13,3402.0,8.271875381469727,
10,0.1,z_final,14,257.0,-8.1953125,
10,0.1,z_final,15,2622.0,-8.162500381469727,
10,0.1,z_final,16,4076.0,-8.096094131469727,
10,0.1,z_final,17,3061.0,-7.829687595367432,
10,0.1,z_final,18,525.0,7.4296875,
10,0.1,z_final,19,3826.0,7.4296875,
10,0.1,z_final,20,2281.0,-7.412499904632568,
10,0.1,softmax_original,1,,0.5087699294090271,297.0
10,0.1,softmax_original,2,,0.0856245830655098,376.0
10,0.1,softmax_original,3,,0.0519172474741935,304.0
10,0.1,softmax_original,4,,0.0406078994274139,29892.0
10,0.1,softmax_original,5,,0.0289872195571661,2645.0
10,0.1,softmax_original,6,,0.023420987650752,1546.0
10,0.1,softmax_original,7,,0.0233367979526519,1346.0
10,0.1,softmax_original,8,,0.0176137257367372,746.0
10,0.1,softmax_original,9,,0.0154131231829524,2820.0
10,0.1,softmax_original,10,,0.0142789185047149,322.0
10,0.1,softmax_original,11,,0.0127455545589327,363.0
10,0.1,softmax_original,12,,0.0098686702549457,472.0
10,0.1,softmax_original,13,,0.009711854159832,411.0
10,0.1,softmax_original,14,,0.0096032861620187,408.0
10,0.1,softmax_original,15,,0.0092019373551011,310.0
10,0.1,softmax_original,16,,0.0087602091953158,1048.0
10,0.1,softmax_original,17,,0.0073568057268857,4326.0
10,0.1,softmax_original,18,,0.0061501483432948,525.0
10,0.1,softmax_original,19,,0.0057457429356873,29889.0
10,0.1,softmax_original,20,,0.0049849613569676,975.0
10,0.1,softmax_final,1,,0.243242934346199,376.0
10,0.1,softmax_final,2,,0.2430196404457092,297.0
10,0.1,softmax_final,3,,0.058489866554737,304.0
10,0.1,softmax_final,4,,0.042296178638935,29892.0
10,0.1,softmax_final,5,,0.0414396673440933,1346.0
10,0.1,softmax_final,6,,0.0374431870877742,2645.0
10,0.1,softmax_final,7,,0.0329385995864868,1546.0
10,0.1,softmax_final,8,,0.0217323787510395,746.0
10,0.1,softmax_final,9,,0.0213021207600832,2820.0
10,0.1,softmax_final,10,,0.015164528042078,322.0
10,0.1,softmax_final,11,,0.0129310879856348,363.0
10,0.1,softmax_final,12,,0.012106530368328,525.0
10,0.1,softmax_final,13,,0.0119543755427002,1048.0
10,0.1,softmax_final,14,,0.0110122142359614,4326.0
10,0.1,softmax_final,15,,0.0103427097201347,408.0
10,0.1,softmax_final,16,,0.0102334795519709,411.0
10,0.1,softmax_final,17,,0.010137403383851,310.0
10,0.1,softmax_final,18,,0.0100121730938553,472.0
10,0.1,softmax_final,19,,0.0060273176059126,1550.0
10,0.1,softmax_final,20,,0.0060129296034574,29889.0
11,0.1,z_original,1,3241.0,25.3125,
11,0.1,z_original,2,1360.0,-22.9375,
11,0.1,z_original,3,1839.0,-15.25,
11,0.1,z_original,4,2084.0,-14.8359375,
11,0.1,z_original,5,2660.0,-14.3828125,
11,0.1,z_original,6,392.0,14.1875,
11,0.1,z_original,7,787.0,11.6328125,
11,0.1,z_original,8,1512.0,11.46875,
11,0.1,z_original,9,3971.0,10.46875,
11,0.1,z_original,10,3556.0,-10.109375,
11,0.1,z_original,11,269.0,9.796875,
11,0.1,z_original,12,3494.0,-9.5,
11,0.1,z_original,13,1640.0,-8.59375,
11,0.1,z_original,14,2021.0,-8.5703125,
11,0.1,z_original,15,2002.0,-8.5625,
11,0.1,z_original,16,3684.0,-8.4375,
11,0.1,z_original,17,1573.0,-8.0859375,
11,0.1,z_original,18,4076.0,-7.609375,
11,0.1,z_original,19,2617.0,7.47265625,
11,0.1,z_original,20,3383.0,7.4453125,
11,0.1,z_final,1,3241.0,25.412500381469727,
11,0.1,z_final,2,1360.0,-23.037500381469727,
11,0.1,z_final,3,1839.0,-15.350000381469728,
11,0.1,z_final,4,2084.0,-14.935937881469728,
11,0.1,z_final,5,2660.0,-14.482812881469728,
11,0.1,z_final,6,392.0,14.1875,
11,0.1,z_final,7,787.0,11.732812881469728,
11,0.1,z_final,8,1512.0,11.46875,
11,0.1,z_final,9,3971.0,10.46875,
11,0.1,z_final,10,3556.0,-10.209375381469728,
11,0.1,z_final,11,269.0,9.796875,
11,0.1,z_final,12,3494.0,-9.600000381469728,
11,0.1,z_final,13,1640.0,-8.693750381469727,
11,0.1,z_final,14,2021.0,-8.670312881469727,
11,0.1,z_final,15,2002.0,-8.662500381469727,
11,0.1,z_final,16,3684.0,-8.537500381469727,
11,0.1,z_final,17,1573.0,-8.185937881469727,
11,0.1,z_final,18,4076.0,-7.709374904632568,
11,0.1,z_final,19,3383.0,7.4453125,
11,0.1,z_final,20,470.0,7.443749904632568,
11,0.1,softmax_original,1,,0.9111871123313904,278.0
11,0.1,softmax_original,2,,0.0449389517307281,2000.0
11,0.1,softmax_original,3,,0.0353460609912872,2998.0
11,0.1,softmax_original,4,,0.0036841940600425,612.0
11,0.1,softmax_original,5,,0.0032887619454413,10369.0
11,0.1,softmax_original,6,,0.0003857070114463,343.0
11,0.1,softmax_original,7,,0.000229768367717,4257.0
11,0.1,softmax_original,8,,0.0001602220727363,5546.0
11,0.1,softmax_original,9,,4.628958413377404e-05,29901.0
11,0.1,softmax_original,10,,4.562062895274721e-05,22444.0
11,0.1,softmax_original,11,,3.827497494057752e-05,884.0
11,0.1,softmax_original,12,,3.61239435733296e-05,12992.0
11,0.1,softmax_original,13,,3.595669477363117e-05,5642.0
11,0.1,softmax_original,14,,3.593866131268442e-05,29871.0
11,0.1,softmax_original,15,,3.537099473760463e-05,263.0
11,0.1,softmax_original,16,,2.834524821082596e-05,15574.0
11,0.1,softmax_original,17,,2.6498119041207246e-05,5279.0
11,0.1,softmax_original,18,,2.5428927983739413e-05,2869.0
11,0.1,softmax_original,19,,2.288242285430897e-05,4325.0
11,0.1,softmax_original,20,,1.823503953346517e-05,856.0
11,0.1,softmax_final,1,,0.4119138717651367,2000.0
11,0.1,softmax_final,2,,0.411792904138565,278.0
11,0.1,softmax_final,3,,0.1611288189888,2998.0
11,0.1,softmax_final,4,,0.0067358841188251,10369.0
11,0.1,softmax_final,5,,0.0053114355541765,612.0
11,0.1,softmax_final,6,,0.0007656410452909,4257.0
11,0.1,softmax_final,7,,0.0006045056506991,343.0
11,0.1,softmax_final,8,,0.0003279398661106,5546.0
11,0.1,softmax_final,9,,0.0001164011773653,12992.0
11,0.1,softmax_final,10,,9.025341569213197e-05,22444.0
11,0.1,softmax_final,11,,6.755544018233195e-05,15574.0
11,0.1,softmax_final,12,,6.619738996960223e-05,5642.0
11,0.1,softmax_final,13,,5.997707557980903e-05,884.0
11,0.1,softmax_final,14,,5.982563379802741e-05,29901.0
11,0.1,softmax_final,15,,5.205877096159384e-05,5279.0
11,0.1,softmax_final,16,,4.78947076771874e-05,2869.0
11,0.1,softmax_final,17,,4.30952241003979e-05,4325.0
11,0.1,softmax_final,18,,3.59694822691381e-05,29871.0
11,0.1,softmax_final,19,,2.7655456506181508e-05,263.0
11,0.1,softmax_final,20,,2.5635308702476323e-05,856.0
12,0.1,z_original,1,1512.0,12.8984375,
12,0.1,z_original,2,3241.0,12.8046875,
12,0.1,z_original,3,1360.0,-12.015625,
12,0.1,z_original,4,3556.0,-11.96875,
12,0.1,z_original,5,2660.0,-10.515625,
12,0.1,z_original,6,2084.0,-10.3984375,
12,0.1,z_original,7,2358.0,10.171875,
12,0.1,z_original,8,3402.0,10.15625,
12,0.1,z_original,9,1839.0,-9.3515625,
12,0.1,z_original,10,2617.0,9.28125,
12,0.1,z_original,11,3971.0,8.140625,
12,0.1,z_original,12,2002.0,-8.109375,
12,0.1,z_original,13,3591.0,7.9296875,
12,0.1,z_original,14,3208.0,-7.59375,
12,0.1,z_original,15,2021.0,-7.5859375,
12,0.1,z_original,16,1415.0,7.12890625,
12,0.1,z_original,17,2215.0,7.05859375,
12,0.1,z_original,18,3700.0,7.0546875,
12,0.1,z_original,19,787.0,6.8984375,
12,0.1,z_original,20,1573.0,-6.7890625,
12,0.1,z_final,1,3241.0,12.904687881469728,
12,0.1,z_final,2,1512.0,12.8984375,
12,0.1,z_final,3,1360.0,-12.115625381469728,
12,0.1,z_final,4,3556.0,-12.068750381469728,
12,0.1,z_final,5,2660.0,-10.615625381469728,
12,0.1,z_final,6,2084.0,-10.498437881469728,
12,0.1,z_final,7,3402.0,10.15625,
12,0.1,z_final,8,2358.0,10.071874618530272,
12,0.1,z_final,9,1839.0,-9.451562881469728,
12,0.1,z_final,10,2617.0,9.181249618530272,
12,0.1,z_final,11,3971.0,8.140625,
12,0.1,z_final,12,2002.0,-8.109375,
12,0.1,z_final,13,3591.0,7.9296875,
12,0.1,z_final,14,2021.0,-7.685937404632568,
12,0.1,z_final,15,3208.0,-7.493750095367432,
12,0.1,z_final,16,1415.0,7.228906154632568,
12,0.1,z_final,17,2215.0,7.05859375,
12,0.1,z_final,18,3700.0,7.0546875,
12,0.1,z_final,19,787.0,6.8984375,
12,0.1,z_final,20,1573.0,-6.889062404632568,
12,0.1,softmax_original,1,,0.731712281703949,278.0
12,0.1,softmax_original,2,,0.1517787277698516,607.0
12,0.1,softmax_original,3,,0.0978563725948333,22806.0
12,0.1,softmax_original,4,,0.0040420587174594,1546.0
12,0.1,softmax_original,5,,0.0027446902822703,19429.0
12,0.1,softmax_original,6,,0.0014557060785591,825.0
12,0.1,softmax_original,7,,0.0012113751145079,14325.0
12,0.1,softmax_original,8,,0.0007522962405346,4956.0
12,0.1,softmax_original,9,,0.0007283325539901,29973.0
12,0.1,softmax_original,10,,0.0006415134994313,29901.0
12,0.1,softmax_original,11,,0.0005577118135988,379.0
12,0.1,softmax_original,12,,0.0005446106079034,12217.0
12,0.1,softmax_original,13,,0.0005125006427988,7551.0
12,0.1,softmax_original,14,,0.0004330790543463,445.0
12,0.1,softmax_original,15,,0.0003493774565868,11563.0
12,0.1,softmax_original,16,,0.000309396389639,8449.0
12,0.1,softmax_original,17,,0.000292999058729,263.0
12,0.1,softmax_original,18,,0.0002414768969174,19663.0
12,0.1,softmax_original,19,,0.0002303046203451,856.0
12,0.1,softmax_original,20,,0.0001618463284103,29889.0
12,0.1,softmax_final,1,,0.3956215381622314,607.0
12,0.1,softmax_final,2,,0.3946929574012756,278.0
12,0.1,softmax_final,3,,0.1864262521266937,22806.0
12,0.1,softmax_final,4,,0.0050344350747764,1546.0
12,0.1,softmax_final,5,,0.0039998237043619,19429.0
12,0.1,softmax_final,6,,0.0015859224367886,14325.0
12,0.1,softmax_final,7,,0.001558807096444,825.0
12,0.1,softmax_final,8,,0.0009039243450388,4956.0
12,0.1,softmax_final,9,,0.000806454278063,29973.0
12,0.1,softmax_final,10,,0.0007514901226386,12217.0
12,0.1,softmax_final,11,,0.0007177494117058,8449.0
12,0.1,softmax_final,12,,0.0006455849506892,29901.0
12,0.1,softmax_final,13,,0.0006360818515531,7551.0
12,0.1,softmax_final,14,,0.0005228041554801,379.0
12,0.1,softmax_final,15,,0.000422011129558,11563.0
12,0.1,softmax_final,16,,0.000413479458075,445.0
12,0.1,softmax_final,17,,0.000349219830241,19663.0
12,0.1,softmax_final,18,,0.0002411820314591,856.0
12,0.1,softmax_final,19,,0.0002265587536385,263.0
12,0.1,softmax_final,20,,0.0001698847918305,14693.0
13,0.1,z_original,1,1512.0,13.359375,
13,0.1,z_original,2,3556.0,9.890625,
13,0.1,z_original,3,317.0,-9.625,
13,0.1,z_original,4,1573.0,7.85546875,
13,0.1,z_original,5,787.0,-7.484375,
13,0.1,z_original,6,3700.0,7.34375,
13,0.1,z_original,7,74.0,-7.2421875,
13,0.1,z_original,8,1176.0,7.1796875,
13,0.1,z_original,9,2891.0,-6.82421875,
13,0.1,z_original,10,1927.0,-6.75390625,
13,0.1,z_original,11,269.0,6.515625,
13,0.1,z_original,12,3800.0,-6.49609375,
13,0.1,z_original,13,2357.0,6.3515625,
13,0.1,z_original,14,2425.0,-6.296875,
13,0.1,z_original,15,2169.0,-6.296875,
13,0.1,z_original,16,692.0,-6.2734375,
13,0.1,z_original,17,994.0,-6.1875,
13,0.1,z_original,18,3224.0,-6.1484375,
13,0.1,z_original,19,1740.0,6.11328125,
13,0.1,z_original,20,2660.0,-6.03125,
13,0.1,z_final,1,1512.0,13.359375,
13,0.1,z_final,2,3556.0,9.990625381469728,
13,0.1,z_final,3,317.0,-9.625,
13,0.1,z_final,4,1573.0,7.955468654632568,
13,0.1,z_final,5,787.0,-7.584374904632568,
13,0.1,z_final,6,1176.0,7.279687404632568,
13,0.1,z_final,7,3700.0,7.243750095367432,
13,0.1,z_final,8,74.0,-7.2421875,
13,0.1,z_final,9,2891.0,-6.924218654632568,
13,0.1,z_final,10,1927.0,-6.853906154632568,
13,0.1,z_final,11,269.0,6.515625,
13,0.1,z_final,12,3800.0,-6.49609375,
13,0.1,z_final,13,2357.0,6.3515625,
13,0.1,z_final,14,2169.0,-6.296875,
13,0.1,z_final,15,2425.0,-6.296875,
13,0.1,z_final,16,692.0,-6.2734375,
13,0.1,z_final,17,3224.0,-6.1484375,
13,0.1,z_final,18,1740.0,6.11328125,
13,0.1,z_final,19,994.0,-6.087500095367432,
13,0.1,z_final,20,2660.0,-6.03125,
13,0.1,softmax_original,1,,0.8650976419448853,9428.0
13,0.1,softmax_original,2,,0.0343238748610019,451.0
13,0.1,softmax_original,3,,0.0217429921030998,263.0
13,0.1,softmax_original,4,,0.0128631331026554,9630.0
13,0.1,softmax_original,5,,0.0114213144406676,6345.0
13,0.1,softmax_original,6,,0.0055832639336586,29901.0
13,0.1,softmax_original,7,,0.0039600674062967,13.0
13,0.1,softmax_original,8,,0.0028689899481832,385.0
13,0.1,softmax_original,9,,0.0025516205932945,10914.0
13,0.1,softmax_original,10,,0.0025199025403708,856.0
13,0.1,softmax_original,11,,0.0019356579286977,5569.0
13,0.1,softmax_original,12,,0.0015943682519719,6290.0
13,0.1,softmax_original,13,,0.0009960503084585,11423.0
13,0.1,softmax_original,14,,0.0009141761693172,10545.0
13,0.1,softmax_original,15,,0.0008317360188812,12874.0
13,0.1,softmax_original,16,,0.0008002916583791,2183.0
13,0.1,softmax_original,17,,0.0006889056530781,7801.0
13,0.1,softmax_original,18,,0.0006641374202445,1058.0
13,0.1,softmax_original,19,,0.0006203342345543,278.0
13,0.1,softmax_original,20,,0.0006092734984122,29892.0
13,0.1,softmax_final,1,,0.2806248962879181,451.0
13,0.1,softmax_final,2,,0.2800928354263305,9428.0
13,0.1,softmax_final,3,,0.129972219467163,263.0
13,0.1,softmax_final,4,,0.0474158264696598,6345.0
13,0.1,softmax_final,5,,0.0411898866295814,9630.0
13,0.1,softmax_final,6,,0.0290993228554725,29901.0
13,0.1,softmax_final,7,,0.0233747400343418,13.0
13,0.1,softmax_final,8,,0.015059114433825,385.0
13,0.1,softmax_final,9,,0.0120372427627444,856.0
13,0.1,softmax_final,10,,0.0081835016608238,10914.0
13,0.1,softmax_final,11,,0.0057492312043905,6290.0
13,0.1,softmax_final,12,,0.0057201194576919,5569.0
13,0.1,softmax_final,13,,0.0035614136140793,29892.0
13,0.1,softmax_final,14,,0.0031789836939424,11423.0
13,0.1,softmax_final,15,,0.0031638913787901,278.0
13,0.1,softmax_final,16,,0.0030907299369573,10545.0
13,0.1,softmax_final,17,,0.0030516730621457,2183.0
13,0.1,softmax_final,18,,0.0027306305710226,1058.0
13,0.1,softmax_final,19,,0.0023306880611926,12874.0
13,0.1,softmax_final,20,,0.0022047916427254,697.0
14,0.1,z_original,1,1512.0,41.25,
14,0.1,z_original,2,2660.0,-17.9375,
14,0.1,z_original,3,1839.0,-17.3125,
14,0.1,z_original,4,2084.0,-17.0,
14,0.1,z_original,5,3556.0,-15.3984375,
14,0.1,z_original,6,3241.0,15.125,
14,0.1,z_original,7,1360.0,-14.4140625,
14,0.1,z_original,8,2002.0,-12.484375,
14,0.1,z_original,9,1573.0,-12.125,
14,0.1,z_original,10,3402.0,10.1171875,
14,0.1,z_original,11,149.0,9.84375,
14,0.1,z_original,12,2021.0,-9.59375,
14,0.1,z_original,13,470.0,9.5703125,
14,0.1,z_original,14,2611.0,-9.328125,
14,0.1,z_original,15,2209.0,-9.0,
14,0.1,z_original,16,1640.0,-8.96875,
14,0.1,z_original,17,3208.0,-8.4453125,
14,0.1,z_original,18,3142.0,8.2265625,
14,0.1,z_original,19,1415.0,7.73046875,
14,0.1,z_original,20,3826.0,7.375,
14,0.1,z_final,1,1512.0,41.25,
14,0.1,z_final,2,2660.0,-17.9375,
14,0.1,z_final,3,1839.0,-17.412500381469727,
14,0.1,z_final,4,2084.0,-17.100000381469727,
14,0.1,z_final,5,3556.0,-15.498437881469728,
14,0.1,z_final,6,3241.0,15.225000381469728,
14,0.1,z_final,7,1360.0,-14.514062881469728,
14,0.1,z_final,8,2002.0,-12.484375,
14,0.1,z_final,9,1573.0,-12.225000381469728,
14,0.1,z_final,10,3402.0,10.217187881469728,
14,0.1,z_final,11,149.0,9.943750381469728,
14,0.1,z_final,12,2021.0,-9.693750381469728,
14,0.1,z_final,13,470.0,9.670312881469728,
14,0.1,z_final,14,2611.0,-9.428125381469728,
14,0.1,z_final,15,2209.0,-9.0,
14,0.1,z_final,16,1640.0,-8.96875,
14,0.1,z_final,17,3208.0,-8.4453125,
14,0.1,z_final,18,3142.0,8.2265625,
14,0.1,z_final,19,1415.0,7.73046875,
14,0.1,z_final,20,3826.0,7.375,
14,0.1,softmax_original,1,,0.7526206374168396,316.0
14,0.1,softmax_original,2,,0.2103116065263748,897.0
14,0.1,softmax_original,3,,0.0076610166579484,376.0
14,0.1,softmax_original,4,,0.0058985650539398,1346.0
14,0.1,softmax_original,5,,0.0051057320088148,278.0
14,0.1,softmax_original,6,,0.0012920139124616,2772.0
14,0.1,softmax_original,7,,0.0010703573934733,313.0
14,0.1,softmax_original,8,,0.0009464121540077,360.0
14,0.1,softmax_original,9,,0.0008268620586022,25348.0
14,0.1,softmax_original,10,,0.0006913304096087,29901.0
14,0.1,softmax_original,11,,0.0005299153854139,525.0
14,0.1,softmax_original,12,,0.000446736376034,1938.0
14,0.1,softmax_original,13,,0.0004106945416424,29892.0
14,0.1,softmax_original,14,,0.0003765888686757,263.0
14,0.1,softmax_original,15,,0.0003526824293658,437.0
14,0.1,softmax_original,16,,0.0003299447416793,5129.0
14,0.1,softmax_original,17,,0.0003041049058083,311.0
14,0.1,softmax_original,18,,0.0002927048190031,5012.0
14,0.1,softmax_original,19,,0.0002884181740228,2726.0
14,0.1,softmax_original,20,,0.0002853158221114,319.0
14,0.1,softmax_final,1,,0.4760642349720001,897.0
14,0.1,softmax_final,2,,0.4756358563899994,316.0
14,0.1,softmax_final,3,,0.0094926469027996,376.0
14,0.1,softmax_final,4,,0.0075275935232639,1346.0
14,0.1,softmax_final,5,,0.0063907732255756,278.0
14,0.1,softmax_final,6,,0.0023865501862019,2772.0
14,0.1,softmax_final,7,,0.0012511588865891,360.0
14,0.1,softmax_final,8,,0.0012196480529382,313.0
14,0.1,softmax_final,9,,0.0011065283324569,25348.0
14,0.1,softmax_final,10,,0.0008412389433942,29901.0
14,0.1,softmax_final,11,,0.0006739178788848,525.0
14,0.1,softmax_final,12,,0.0006367220776155,1938.0
14,0.1,softmax_final,13,,0.0004641130799427,29892.0
14,0.1,softmax_final,14,,0.0004480245115701,263.0
14,0.1,softmax_final,15,,0.0004444778023753,2726.0
14,0.1,softmax_final,16,,0.0004339173610787,437.0
14,0.1,softmax_final,17,,0.0004315572150517,5129.0
14,0.1,softmax_final,18,,0.0004290371725801,5012.0
14,0.1,softmax_final,19,,0.0003858545969706,311.0
14,0.1,softmax_final,20,,0.0003590011619962,785.0
15,0.1,z_original,1,1360.0,-15.8671875,
15,0.1,z_original,2,2660.0,-11.828125,
15,0.1,z_original,3,3241.0,11.6953125,
15,0.1,z_original,4,2084.0,-9.171875,
15,0.1,z_original,5,1927.0,-9.015625,
15,0.1,z_original,6,269.0,8.3984375,
15,0.1,z_original,7,392.0,8.140625,
15,0.1,z_original,8,3830.0,8.0390625,
15,0.1,z_original,9,1839.0,-7.9453125,
15,0.1,z_original,10,3971.0,7.890625,
15,0.1,z_original,11,2358.0,7.58203125,
15,0.1,z_original,12,2533.0,7.25,
15,0.1,z_original,13,3494.0,-6.8984375,
15,0.1,z_original,14,3582.0,-6.7109375,
15,0.1,z_original,15,2021.0,-6.703125,
15,0.1,z_original,16,1415.0,6.4453125,
15,0.1,z_original,17,486.0,-6.41015625,
15,0.1,z_original,18,3263.0,-6.22265625,
15,0.1,z_original,19,590.0,-6.16796875,
15,0.1,z_original,20,3967.0,-6.1484375,
15,0.1,z_final,1,1360.0,-15.967187881469728,
15,0.1,z_final,2,2660.0,-11.928125381469728,
15,0.1,z_final,3,3241.0,11.795312881469728,
15,0.1,z_final,4,2084.0,-9.271875381469728,
15,0.1,z_final,5,1927.0,-9.115625381469728,
15,0.1,z_final,6,269.0,8.298437118530273,
15,0.1,z_final,7,3830.0,8.139062881469727,
15,0.1,z_final,8,1839.0,-8.045312881469727,
15,0.1,z_final,9,392.0,8.040624618530273,
15,0.1,z_final,10,3971.0,7.990624904632568,
15,0.1,z_final,11,2358.0,7.482031345367432,
15,0.1,z_final,12,2533.0,7.349999904632568,
15,0.1,z_final,13,3494.0,-6.998437404632568,
15,0.1,z_final,14,3582.0,-6.810937404632568,
15,0.1,z_final,15,2021.0,-6.803124904632568,
15,0.1,z_final,16,1415.0,6.545312404632568,
15,0.1,z_final,17,3263.0,-6.322656154632568,
15,0.1,z_final,18,486.0,-6.310156345367432,
15,0.1,z_final,19,3967.0,-6.248437404632568,
15,0.1,z_final,20,2977.0,-6.084374904632568,
15,0.1,softmax_original,1,,0.9917932152748108,278.0
15,0.1,softmax_original,2,,0.0009010271169245,29901.0
15,0.1,softmax_original,3,,0.0008158271666616,451.0
15,0.1,softmax_original,4,,0.0006078685983084,2000.0
15,0.1,softmax_original,5,,0.0004907599650323,29973.0
15,0.1,softmax_original,6,,0.0004481752694118,2998.0
15,0.1,softmax_original,7,,0.0003302542027086,263.0
15,0.1,softmax_original,8,,0.0003270750166848,884.0
15,0.1,softmax_original,9,,0.0002678625460248,10664.0
15,0.1,softmax_original,10,,0.0002535363018978,10423.0
15,0.1,softmax_original,11,,0.0002150505897589,13.0
15,0.1,softmax_original,12,,0.0001622523996047,3271.0
15,0.1,softmax_original,13,,0.0001602492848178,856.0
15,0.1,softmax_original,14,,0.0001511588634457,903.0
15,0.1,softmax_original,15,,0.0001173055206891,14328.0
15,0.1,softmax_original,16,,9.97097376966849e-05,5642.0
15,0.1,softmax_original,17,,9.662475349614395e-05,29892.0
15,0.1,softmax_original,18,,7.572369213448837e-05,2869.0
15,0.1,softmax_original,19,,7.16571812517941e-05,5982.0
15,0.1,softmax_original,20,,6.059923543944024e-05,13112.0
15,0.1,softmax_final,1,,0.7930832505226135,278.0
15,0.1,softmax_final,2,,0.0314098857343196,29901.0
15,0.1,softmax_final,3,,0.0220423210412263,2000.0
15,0.1,softmax_final,4,,0.0159034002572298,451.0
15,0.1,softmax_final,5,,0.014230016618967,2998.0
15,0.1,softmax_final,6,,0.0131461014971137,29973.0
15,0.1,softmax_final,7,,0.0088699720799922,10423.0
15,0.1,softmax_final,8,,0.0082143358886241,10664.0
15,0.1,softmax_final,9,,0.0065839826129376,884.0
15,0.1,softmax_final,10,,0.0037389143835753,3271.0
15,0.1,softmax_final,11,,0.0037175279576331,14328.0
15,0.1,softmax_final,12,,0.0035281705204397,856.0
15,0.1,softmax_final,13,,0.0031218712683767,903.0
15,0.1,softmax_final,14,,0.0028046711813658,13.0
15,0.1,softmax_final,15,,0.0026253163814544,5642.0
15,0.1,softmax_final,16,,0.0020426902920007,2869.0
15,0.1,softmax_final,17,,0.0019591080490499,13112.0
15,0.1,softmax_final,18,,0.0019213618943467,5982.0
15,0.1,softmax_final,19,,0.0015156104927882,4257.0
15,0.1,softmax_final,20,,0.0014566589379683,263.0
16,0.1,z_original,1,1512.0,29.5,
16,0.1,z_original,2,392.0,11.171875,
16,0.1,z_original,3,3402.0,8.9140625,
16,0.1,z_original,4,1927.0,-8.90625,
16,0.1,z_original,5,2042.0,-8.53125,
16,0.1,z_original,6,2533.0,-7.92578125,
16,0.1,z_original,7,2358.0,7.5390625,
16,0.1,z_original,8,3971.0,7.3203125,
16,0.1,z_original,9,269.0,7.140625,
16,0.1,z_original,10,2573.0,6.36328125,
16,0.1,z_original,11,2002.0,6.33203125,
16,0.1,z_original,12,1573.0,6.14453125,
16,0.1,z_original,13,514.0,-6.1328125,
16,0.1,z_original,14,933.0,6.0546875,
16,0.1,z_original,15,2184.0,-5.9921875,
16,0.1,z_original,16,57.0,-5.6953125,
16,0.1,z_original,17,45.0,5.62890625,
16,0.1,z_original,18,20.0,5.5859375,
16,0.1,z_original,19,511.0,-5.359375,
16,0.1,z_original,20,2624.0,-5.35546875,
16,0.1,z_final,1,1512.0,29.5,
16,0.1,z_final,2,392.0,11.171875,
16,0.1,z_final,3,1927.0,-9.006250381469727,
16,0.1,z_final,4,3402.0,8.814062118530273,
16,0.1,z_final,5,2042.0,-8.53125,
16,0.1,z_final,6,2533.0,-8.025781631469727,
16,0.1,z_final,7,2358.0,7.5390625,
16,0.1,z_final,8,269.0,7.240624904632568,
16,0.1,z_final,9,3971.0,7.220312595367432,
16,0.1,z_final,10,2573.0,6.36328125,
16,0.1,z_final,11,2002.0,6.33203125,
16,0.1,z_final,12,1573.0,6.244531154632568,
16,0.1,z_final,13,514.0,-6.1328125,
16,0.1,z_final,14,933.0,6.0546875,
16,0.1,z_final,15,2184.0,-5.9921875,
16,0.1,z_final,16,57.0,-5.6953125,
16,0.1,z_final,17,45.0,5.62890625,
16,0.1,z_final,18,20.0,5.5859375,
16,0.1,z_final,19,511.0,-5.359375,
16,0.1,z_final,20,2624.0,-5.35546875,
16,0.1,softmax_original,1,,0.9036428928375244,29389.0
16,0.1,softmax_original,2,,0.0524729676544666,2000.0
16,0.1,softmax_original,3,,0.0054452503100037,2998.0
16,0.1,softmax_original,4,,0.0043988237157464,9548.0
16,0.1,softmax_original,5,,0.0033681115601211,29901.0
16,0.1,softmax_original,6,,0.0032909179572016,856.0
16,0.1,softmax_original,7,,0.0030369095038622,16852.0
16,0.1,softmax_original,8,,0.0028140794020146,451.0
16,0.1,softmax_original,9,,0.0020003453828394,2869.0
16,0.1,softmax_original,10,,0.0016764835454523,13.0
16,0.1,softmax_original,11,,0.0016132381279021,263.0
16,0.1,softmax_original,12,,0.0015448526246473,4702.0
16,0.1,softmax_original,13,,0.0012320245150476,278.0
16,0.1,softmax_original,14,,0.0009863709565252,1019.0
16,0.1,softmax_original,15,,0.0009261087980121,903.0
16,0.1,softmax_original,16,,0.0008684750646352,4257.0
16,0.1,softmax_original,17,,0.0006323318229988,29892.0
16,0.1,softmax_original,18,,0.0005228350055404,22444.0
16,0.1,softmax_original,19,,0.0005195257253944,11563.0
16,0.1,softmax_original,20,,0.0003832328366115,6200.0
16,0.1,softmax_final,1,,0.4255836009979248,2000.0
16,0.1,softmax_final,2,,0.4248633980751037,29389.0
16,0.1,softmax_final,3,,0.0218729600310325,2998.0
16,0.1,softmax_final,4,,0.0132232699543237,29901.0
16,0.1,softmax_final,5,,0.0120358606800436,856.0
16,0.1,softmax_final,6,,0.0117056304588913,9548.0
16,0.1,softmax_final,7,,0.0108085870742797,451.0
16,0.1,softmax_final,8,,0.0069709718227386,13.0
16,0.1,softmax_final,9,,0.0069062365218997,2869.0
16,0.1,softmax_final,10,,0.0067121968604624,16852.0
16,0.1,softmax_final,11,,0.0062428656965494,263.0
16,0.1,softmax_final,12,,0.004590745549649,278.0
16,0.1,softmax_final,13,,0.0035354432184249,4257.0
16,0.1,softmax_final,14,,0.0034095032606273,1019.0
16,0.1,softmax_final,15,,0.0033680112101137,903.0
16,0.1,softmax_final,16,,0.0030573201365768,4702.0
16,0.1,softmax_final,17,,0.0025720014236867,29892.0
16,0.1,softmax_final,18,,0.0016720267012715,22444.0
16,0.1,softmax_final,19,,0.0015075281262397,313.0
16,0.1,softmax_final,20,,0.0014657588908448,11563.0
17,0.1,z_original,1,1512.0,49.375,
17,0.1,z_original,2,2002.0,9.7421875,
17,0.1,z_original,3,3591.0,8.6015625,
17,0.1,z_original,4,3700.0,7.9765625,
17,0.1,z_original,5,1176.0,6.890625,
17,0.1,z_original,6,3402.0,6.79296875,
17,0.1,z_original,7,2042.0,-6.6875,
17,0.1,z_original,8,3391.0,-6.546875,
17,0.1,z_original,9,2084.0,6.53125,
17,0.1,z_original,10,112.0,5.953125,
17,0.1,z_original,11,2281.0,-5.93359375,
17,0.1,z_original,12,286.0,5.4921875,
17,0.1,z_original,13,1573.0,5.40234375,
17,0.1,z_original,14,3937.0,-5.31640625,
17,0.1,z_original,15,41.0,-5.265625,
17,0.1,z_original,16,3448.0,5.2578125,
17,0.1,z_original,17,235.0,5.11328125,
17,0.1,z_original,18,171.0,4.9453125,
17,0.1,z_original,19,2497.0,-4.8203125,
17,0.1,z_original,20,1604.0,4.79296875,
17,0.1,z_final,1,1512.0,49.375,
17,0.1,z_final,2,2002.0,9.7421875,
17,0.1,z_final,3,3591.0,8.6015625,
17,0.1,z_final,4,3700.0,7.9765625,
17,0.1,z_final,5,1176.0,6.890625,
17,0.1,z_final,6,3402.0,6.79296875,
17,0.1,z_final,7,2042.0,-6.6875,
17,0.1,z_final,8,2084.0,6.631249904632568,
17,0.1,z_final,9,3391.0,-6.546875,
17,0.1,z_final,10,112.0,5.953125,
17,0.1,z_final,11,2281.0,-5.93359375,
17,0.1,z_final,12,1573.0,5.502343654632568,
17,0.1,z_final,13,286.0,5.4921875,
17,0.1,z_final,14,3937.0,-5.31640625,
17,0.1,z_final,15,41.0,-5.265625,
17,0.1,z_final,16,3448.0,5.2578125,
17,0.1,z_final,17,235.0,5.11328125,
17,0.1,z_final,18,171.0,4.9453125,
17,0.1,z_final,19,2497.0,-4.8203125,
17,0.1,z_final,20,1604.0,4.79296875,
17,0.1,softmax_original,1,,0.2508898675441742,28156.0
17,0.1,softmax_original,2,,0.1693635880947113,6290.0
17,0.1,softmax_original,3,,0.0760518461465835,5208.0
17,0.1,softmax_original,4,,0.0708663538098335,29901.0
17,0.1,softmax_original,5,,0.0504987016320228,856.0
17,0.1,softmax_original,6,,0.0501918047666549,13.0
17,0.1,softmax_original,7,,0.0465317890048027,263.0
17,0.1,softmax_original,8,,0.0259983707219362,10537.0
17,0.1,softmax_original,9,,0.0220610816031694,385.0
17,0.1,softmax_original,10,,0.0191704351454973,903.0
17,0.1,softmax_original,11,,0.0170170255005359,29973.0
17,0.1,softmax_original,12,,0.0161935929208993,278.0
17,0.1,softmax_original,13,,0.013411664403975,19017.0
17,0.1,softmax_original,14,,0.0089967148378491,2023.0
17,0.1,softmax_original,15,,0.0086856456473469,9638.0
17,0.1,softmax_original,16,,0.0086187776178121,2595.0
17,0.1,softmax_original,17,,0.0083383787423372,10255.0
17,0.1,softmax_original,18,,0.0048588700592517,5332.0
17,0.1,softmax_original,19,,0.0046809678897261,334.0
17,0.1,softmax_original,20,,0.0044511831365525,4824.0
17,0.1,softmax_final,1,,0.1998791098594665,6290.0
17,0.1,softmax_final,2,,0.19967982172966,28156.0
17,0.1,softmax_final,3,,0.0778900682926178,5208.0
17,0.1,softmax_final,4,,0.0767109468579292,29901.0
17,0.1,softmax_final,5,,0.0555276125669479,13.0
17,0.1,softmax_final,6,,0.0529536008834838,856.0
17,0.1,softmax_final,7,,0.0497250035405159,263.0
17,0.1,softmax_final,8,,0.0248691998422145,10537.0
17,0.1,softmax_final,9,,0.0229149740189313,385.0
17,0.1,softmax_final,10,,0.0200294032692909,903.0
17,0.1,softmax_final,11,,0.0179720073938369,29973.0
17,0.1,softmax_final,12,,0.0170768741518259,278.0
17,0.1,softmax_final,13,,0.012790803797543,19017.0
17,0.1,softmax_final,14,,0.0093251587823033,2023.0
17,0.1,softmax_final,15,,0.008619338274002,2595.0
17,0.1,softmax_final,16,,0.0085092978551983,9638.0
17,0.1,softmax_final,17,,0.0080287680029869,10255.0
17,0.1,softmax_final,18,,0.0048527955077588,334.0
17,0.1,softmax_final,19,,0.0047110822051763,5332.0
17,0.1,softmax_final,20,,0.0044541056267917,4824.0
18,0.1,z_original,1,1512.0,15.28125,
18,0.1,z_original,2,3402.0,9.6875,
18,0.1,z_original,3,2660.0,-7.15625,
18,0.1,z_original,4,2617.0,5.68359375,
18,0.1,z_original,5,3366.0,5.671875,
18,0.1,z_original,6,3208.0,-5.56640625,
18,0.1,z_original,7,4053.0,5.1953125,
18,0.1,z_original,8,3444.0,5.171875,
18,0.1,z_original,9,2806.0,-4.953125,
18,0.1,z_original,10,1870.0,-4.890625,
18,0.1,z_original,11,794.0,-4.78515625,
18,0.1,z_original,12,548.0,4.75390625,
18,0.1,z_original,13,4009.0,-4.56640625,
18,0.1,z_original,14,682.0,4.5625,
18,0.1,z_original,15,2021.0,-4.5546875,
18,0.1,z_original,16,3097.0,4.5390625,
18,0.1,z_original,17,4076.0,-4.51171875,
18,0.1,z_original,18,2042.0,-4.48828125,
18,0.1,z_original,19,2364.0,4.48046875,
18,0.1,z_original,20,1908.0,-4.47265625,
18,0.1,z_final,1,1512.0,15.28125,
18,0.1,z_final,2,3402.0,9.6875,
18,0.1,z_final,3,2660.0,-7.056250095367432,
18,0.1,z_final,4,2617.0,5.68359375,
18,0.1,z_final,5,3366.0,5.671875,
18,0.1,z_final,6,3208.0,-5.56640625,
18,0.1,z_final,7,4053.0,5.1953125,
18,0.1,z_final,8,3444.0,5.171875,
18,0.1,z_final,9,2806.0,-4.953125,
18,0.1,z_final,10,1870.0,-4.890625,
18,0.1,z_final,11,794.0,-4.78515625,
18,0.1,z_final,12,548.0,4.75390625,
18,0.1,z_final,13,4009.0,-4.56640625,
18,0.1,z_final,14,682.0,4.5625,
18,0.1,z_final,15,2021.0,-4.5546875,
18,0.1,z_final,16,3097.0,4.5390625,
18,0.1,z_final,17,3241.0,4.514062404632568,
18,0.1,z_final,18,4076.0,-4.51171875,
18,0.1,z_final,19,2042.0,-4.48828125,
18,0.1,z_final,20,2364.0,4.48046875,
18,0.1,softmax_original,1,,0.5526973605155945,607.0
18,0.1,softmax_original,2,,0.2700221240520477,16078.0
18,0.1,softmax_original,3,,0.0884298086166381,29901.0
18,0.1,softmax_original,4,,0.0378956757485866,4275.0
18,0.1,softmax_original,5,,0.0184318926185369,825.0
18,0.1,softmax_original,6,,0.0166841261088848,278.0
18,0.1,softmax_original,7,,0.0094017433002591,903.0
18,0.1,softmax_original,8,,0.0010855040745809,16631.0
18,0.1,softmax_original,9,,0.0005643704207614,14183.0
18,0.1,softmax_original,10,,0.0004740407457575,13.0
18,0.1,softmax_original,11,,0.0003034465189557,891.0
18,0.1,softmax_original,12,,0.0002977005497086,856.0
18,0.1,softmax_original,13,,0.0002218096342403,584.0
18,0.1,softmax_original,14,,0.0002135314280167,302.0
18,0.1,softmax_original,15,,0.0001647728204261,813.0
18,0.1,softmax_original,16,,0.0001640421833144,4644.0
18,0.1,softmax_original,17,,0.0001440599298803,7652.0
18,0.1,softmax_original,18,,0.0001147145812865,3579.0
18,0.1,softmax_original,19,,0.0001128220901591,29892.0
18,0.1,softmax_original,20,,0.0001000992560875,448.0
18,0.1,softmax_final,1,,0.4107653796672821,16078.0
18,0.1,softmax_final,2,,0.4102000892162323,607.0
18,0.1,softmax_final,3,,0.0858439803123474,29901.0
18,0.1,softmax_final,4,,0.0421605631709098,4275.0
18,0.1,softmax_final,5,,0.0183827169239521,825.0
18,0.1,softmax_final,6,,0.0160627849400043,278.0
18,0.1,softmax_final,7,,0.0097989933565258,903.0
18,0.1,softmax_final,8,,0.0012383797438815,16631.0
18,0.1,softmax_final,9,,0.0006148305837996,14183.0
18,0.1,softmax_final,10,,0.0004503871023189,13.0
18,0.1,softmax_final,11,,0.0003161817439831,891.0
18,0.1,softmax_final,12,,0.0002867657749447,856.0
18,0.1,softmax_final,13,,0.0002250813704449,584.0
18,0.1,softmax_final,14,,0.0002182697644457,302.0
18,0.1,softmax_final,15,,0.0001764771004673,4644.0
18,0.1,softmax_final,16,,0.0001693984522717,813.0
18,0.1,softmax_final,17,,0.0001595563662704,7652.0
18,0.1,softmax_final,18,,0.0001226676686201,3579.0
18,0.1,softmax_final,19,,0.0001058377456502,29892.0
18,0.1,softmax_final,20,,9.649989806348458e-05,448.0
19,0.1,z_original,1,392.0,14.109375,
19,0.1,z_original,2,2084.0,-13.21875,
19,0.1,z_original,3,1512.0,12.296875,
19,0.1,z_original,4,3241.0,11.6796875,
19,0.1,z_original,5,3971.0,10.4921875,
19,0.1,z_original,6,3402.0,10.2734375,
19,0.1,z_original,7,3830.0,10.046875,
19,0.1,z_original,8,1003.0,-9.96875,
19,0.1,z_original,9,1927.0,-9.75,
19,0.1,z_original,10,2357.0,-9.59375,
19,0.1,z_original,11,3170.0,9.0703125,
19,0.1,z_original,12,4076.0,-9.0625,
19,0.1,z_original,13,2660.0,-8.875,
19,0.1,z_original,14,1176.0,-8.859375,
19,0.1,z_original,15,2617.0,8.78125,
19,0.1,z_original,16,1360.0,-8.7578125,
19,0.1,z_original,17,2298.0,8.734375,
19,0.1,z_original,18,2330.0,8.6484375,
19,0.1,z_original,19,787.0,8.4609375,
19,0.1,z_original,20,514.0,-8.1328125,
19,0.1,z_final,1,392.0,14.009374618530272,
19,0.1,z_final,2,2084.0,-13.318750381469728,
19,0.1,z_final,3,1512.0,12.396875381469728,
19,0.1,z_final,4,3241.0,11.779687881469728,
19,0.1,z_final,5,3971.0,10.592187881469728,
19,0.1,z_final,6,3402.0,10.373437881469728,
19,0.1,z_final,7,3830.0,10.146875381469728,
19,0.1,z_final,8,1003.0,-9.868749618530272,
19,0.1,z_final,9,1927.0,-9.649999618530272,
19,0.1,z_final,10,2357.0,-9.493749618530272,
19,0.1,z_final,11,3170.0,9.170312881469728,
19,0.1,z_final,12,4076.0,-9.162500381469728,
19,0.1,z_final,13,2660.0,-8.975000381469727,
19,0.1,z_final,14,1176.0,-8.959375381469727,
19,0.1,z_final,15,1360.0,-8.857812881469727,
19,0.1,z_final,16,2298.0,8.834375381469727,
19,0.1,z_final,17,2617.0,8.681249618530273,
19,0.1,z_final,18,787.0,8.560937881469727,
19,0.1,z_final,19,2330.0,8.548437118530273,
19,0.1,z_final,20,3700.0,8.060937881469727,
19,0.1,softmax_original,1,,0.9061866402626038,29871.0
19,0.1,softmax_original,2,,0.0178594589233398,395.0
19,0.1,softmax_original,3,,0.01649796590209,14235.0
19,0.1,softmax_original,4,,0.0110577093437314,263.0
19,0.1,softmax_original,5,,0.0044644260779023,278.0
19,0.1,softmax_original,6,,0.0039273425936698,472.0
19,0.1,softmax_original,7,,0.0036114531103521,3342.0
19,0.1,softmax_original,8,,0.0031655470374971,1048.0
19,0.1,softmax_original,9,,0.0022038421593606,903.0
19,0.1,softmax_original,10,,0.001823813188821,2820.0
19,0.1,softmax_original,11,,0.001670803874731,29901.0
19,0.1,softmax_original,12,,0.0013068644329905,10087.0
19,0.1,softmax_original,13,,0.0010793942492455,30081.0
19,0.1,softmax_original,14,,0.001025048084557,3889.0
19,0.1,softmax_original,15,,0.0008337341132573,12234.0
19,0.1,softmax_original,16,,0.0007945484830997,259.0
19,0.1,softmax_original,17,,0.0006287721917033,385.0
19,0.1,softmax_original,18,,0.0005356572801247,825.0
19,0.1,softmax_original,19,,0.0005325786187313,313.0
19,0.1,softmax_original,20,,0.0004997405339963,451.0
19,0.1,softmax_final,1,,0.295007050037384,29871.0
19,0.1,softmax_final,2,,0.2335737347602844,395.0
19,0.1,softmax_final,3,,0.1848012953996658,14235.0
19,0.1,softmax_final,4,,0.0326614193618297,3342.0
19,0.1,softmax_final,5,,0.0204553734511137,263.0
19,0.1,softmax_final,6,,0.0144950337707996,1048.0
19,0.1,softmax_final,7,,0.0117677245289087,10087.0
19,0.1,softmax_final,8,,0.0099838329479098,278.0
19,0.1,softmax_final,9,,0.0099837575107812,2820.0
19,0.1,softmax_final,10,,0.0085594458505511,903.0
19,0.1,softmax_final,11,,0.0079408967867493,472.0
19,0.1,softmax_final,12,,0.0075176376849412,30081.0
19,0.1,softmax_final,13,,0.0070969914086163,12234.0
19,0.1,softmax_final,14,,0.0058347205631434,3889.0
19,0.1,softmax_final,15,,0.0036092489026486,3721.0
19,0.1,softmax_final,16,,0.0036031065974384,6719.0
19,0.1,softmax_final,17,,0.0034217203501611,20928.0
19,0.1,softmax_final,18,,0.0030844321008771,14278.0
19,0.1,softmax_final,19,,0.0029439236968755,5224.0
19,0.1,softmax_final,20,,0.0028396290726959,779.0
20,0.1,z_original,1,1839.0,-15.2421875,
20,0.1,z_original,2,2660.0,-14.5625,
20,0.1,z_original,3,1360.0,-13.8984375,
20,0.1,z_original,4,3241.0,13.109375,
20,0.1,z_original,5,392.0,12.328125,
20,0.1,z_original,6,2084.0,-10.2578125,
20,0.1,z_original,7,3830.0,10.0390625,
20,0.1,z_original,8,269.0,8.921875,
20,0.1,z_original,9,3402.0,8.6875,
20,0.1,z_original,10,787.0,8.4453125,
20,0.1,z_original,11,1573.0,-8.390625,
20,0.1,z_original,12,1512.0,8.046875,
20,0.1,z_original,13,2604.0,-7.73828125,
20,0.1,z_original,14,3971.0,6.9453125,
20,0.1,z_original,15,2281.0,-6.8828125,
20,0.1,z_original,16,1888.0,-6.796875,
20,0.1,z_original,17,3561.0,-6.7734375,
20,0.1,z_original,18,1825.0,6.62109375,
20,0.1,z_original,19,3037.0,6.5546875,
20,0.1,z_original,20,220.0,6.43359375,
20,0.1,z_final,1,1839.0,-15.142187118530272,
20,0.1,z_final,2,2660.0,-14.462499618530272,
20,0.1,z_final,3,1360.0,-13.798437118530272,
20,0.1,z_final,4,3241.0,13.009374618530272,
20,0.1,z_final,5,392.0,12.328125,
20,0.1,z_final,6,2084.0,-10.157812118530272,
20,0.1,z_final,7,3830.0,10.0390625,
20,0.1,z_final,8,269.0,8.821874618530273,
20,0.1,z_final,9,3402.0,8.787500381469727,
20,0.1,z_final,10,787.0,8.345312118530273,
20,0.1,z_final,11,1573.0,-8.290624618530273,
20,0.1,z_final,12,1512.0,8.046875,
20,0.1,z_final,13,2604.0,-7.838281154632568,
20,0.1,z_final,14,3971.0,6.9453125,
20,0.1,z_final,15,2281.0,-6.8828125,
20,0.1,z_final,16,1888.0,-6.796875,
20,0.1,z_final,17,3561.0,-6.7734375,
20,0.1,z_final,18,3037.0,6.5546875,
20,0.1,z_final,19,1825.0,6.521093845367432,
20,0.1,z_final,20,220.0,6.43359375,
20,0.1,softmax_original,1,,0.949442982673645,21767.0
20,0.1,softmax_original,2,,0.017627390101552,903.0
20,0.1,softmax_original,3,,0.0066426331177353,405.0
20,0.1,softmax_original,4,,0.0055506518110632,29901.0
20,0.1,softmax_original,5,,0.0054809330031275,288.0
20,0.1,softmax_original,6,,0.0046857348643243,13.0
20,0.1,softmax_original,7,,0.0018978141015395,856.0
20,0.1,softmax_original,8,,0.0017101572593674,451.0
20,0.1,softmax_original,9,,0.0012620242778211,2869.0
20,0.1,softmax_original,10,,0.0007443089270964,29973.0
20,0.1,softmax_original,11,,0.0003969004319515,825.0
20,0.1,softmax_original,12,,0.000379247998353,26129.0
20,0.1,softmax_original,13,,0.0002714395814109,313.0
20,0.1,softmax_original,14,,0.0002014923957176,22004.0
20,0.1,softmax_original,15,,0.000166302837897,263.0
20,0.1,softmax_original,16,,0.0001610221370356,29871.0
20,0.1,softmax_original,17,,0.0001581032847752,1852.0
20,0.1,softmax_original,18,,0.0001361992181045,29889.0
20,0.1,softmax_original,19,,0.0001342962495982,7652.0
20,0.1,softmax_original,20,,0.000125751728774,14365.0
20,0.1,softmax_final,1,,0.3833182156085968,903.0
20,0.1,softmax_final,2,,0.3831880986690521,21767.0
20,0.1,softmax_final,3,,0.044940672814846,29901.0
20,0.1,softmax_final,4,,0.043426264077425,13.0
20,0.1,softmax_final,5,,0.0413964726030826,405.0
20,0.1,softmax_final,6,,0.0401763655245304,288.0
20,0.1,softmax_final,7,,0.0144594497978687,856.0
20,0.1,softmax_final,8,,0.0104009639471769,451.0
20,0.1,softmax_final,9,,0.0062792305834591,2869.0
20,0.1,softmax_final,10,,0.0051929466426372,29973.0
20,0.1,softmax_final,11,,0.0023537864908576,313.0
20,0.1,softmax_final,12,,0.0021430857013911,825.0
20,0.1,softmax_final,13,,0.0015281030209735,29871.0
20,0.1,softmax_final,14,,0.0012164210202172,263.0
20,0.1,softmax_final,15,,0.001115933409892,29889.0
20,0.1,softmax_final,16,,0.0008854826446622,7652.0
20,0.1,softmax_final,17,,0.0007795152487233,14365.0
20,0.1,softmax_final,18,,0.0007483553490601,4770.0
20,0.1,softmax_final,19,,0.0007341979653574,1852.0
20,0.1,softmax_final,20,,0.0006512131658382,22004.0
21,0.1,z_original,1,1512.0,63.625,
21,0.1,z_original,2,1360.0,-17.953125,
21,0.1,z_original,3,2660.0,-16.828125,
21,0.1,z_original,4,3402.0,12.609375,
21,0.1,z_original,5,3241.0,11.765625,
21,0.1,z_original,6,3700.0,11.7421875,
21,0.1,z_original,7,3556.0,-11.6015625,
21,0.1,z_original,8,1839.0,-11.5703125,
21,0.1,z_original,9,269.0,11.296875,
21,0.1,z_original,10,1335.0,-10.390625,
21,0.1,z_original,11,2215.0,10.078125,
21,0.1,z_original,12,4053.0,9.8359375,
21,0.1,z_original,13,787.0,9.453125,
21,0.1,z_original,14,3839.0,-9.3515625,
21,0.1,z_original,15,2611.0,-8.6171875,
21,0.1,z_original,16,3591.0,8.546875,
21,0.1,z_original,17,1.0,-8.015625,
21,0.1,z_original,18,3224.0,-7.99609375,
21,0.1,z_original,19,2357.0,7.890625,
21,0.1,z_original,20,1745.0,-7.6640625,
21,0.1,z_final,1,1512.0,63.72499847412109,
21,0.1,z_final,2,1360.0,-17.853124618530273,
21,0.1,z_final,3,2660.0,-16.728124618530273,
21,0.1,z_final,4,3402.0,12.509374618530272,
21,0.1,z_final,5,3241.0,11.665624618530272,
21,0.1,z_final,6,3700.0,11.642187118530272,
21,0.1,z_final,7,3556.0,-11.501562118530272,
21,0.1,z_final,8,1839.0,-11.470312118530272,
21,0.1,z_final,9,269.0,11.396875381469728,
21,0.1,z_final,10,1335.0,-10.290624618530272,
21,0.1,z_final,11,2215.0,9.978124618530272,
21,0.1,z_final,12,4053.0,9.935937881469728,
21,0.1,z_final,13,787.0,9.353124618530272,
21,0.1,z_final,14,3839.0,-9.251562118530272,
21,0.1,z_final,15,3591.0,8.646875381469727,
21,0.1,z_final,16,2611.0,-8.6171875,
21,0.1,z_final,17,1.0,-8.115625381469727,
21,0.1,z_final,18,3224.0,-7.99609375,
21,0.1,z_final,19,2357.0,7.790625095367432,
21,0.1,z_final,20,1745.0,-7.764062404632568,
21,0.1,softmax_original,1,,0.9769040942192078,10255.0
21,0.1,softmax_original,2,,0.0096334563568234,278.0
21,0.1,softmax_original,3,,0.0021849768236279,29901.0
21,0.1,softmax_original,4,,0.0015869189519435,10545.0
21,0.1,softmax_original,5,,0.0013761526206508,385.0
21,0.1,softmax_original,6,,0.0012159048346802,263.0
21,0.1,softmax_original,7,,0.0004524767864495,697.0
21,0.1,softmax_original,8,,0.0003306765283923,1146.0
21,0.1,softmax_original,9,,0.0003064062038902,29420.0
21,0.1,softmax_original,10,,0.0003018946736119,7664.0
21,0.1,softmax_original,11,,0.0003003989695571,12255.0
21,0.1,softmax_original,12,,0.0002966535103041,5642.0
21,0.1,softmax_original,13,,0.0002773806918412,13.0
21,0.1,softmax_original,14,,0.0002301780768902,16866.0
21,0.1,softmax_original,15,,0.000220640329644,27263.0
21,0.1,softmax_original,16,,0.0002190368977608,8564.0
21,0.1,softmax_original,17,,0.0002130781504092,26921.0
21,0.1,softmax_original,18,,0.000212432918488,856.0
21,0.1,softmax_original,19,,0.0001926976983668,607.0
21,0.1,softmax_original,20,,0.0001620543189346,22533.0
21,0.1,softmax_final,1,,0.3815921545028686,278.0
21,0.1,softmax_final,2,,0.3815179169178009,10255.0
21,0.1,softmax_final,3,,0.0504220463335514,29901.0
21,0.1,softmax_final,4,,0.0370159298181533,263.0
21,0.1,softmax_final,5,,0.0348193421959877,385.0
21,0.1,softmax_final,6,,0.0194095689803361,10545.0
21,0.1,softmax_final,7,,0.0095427017658948,697.0
21,0.1,softmax_final,8,,0.0071030538529157,13.0
21,0.1,softmax_final,9,,0.0040620076470077,856.0
21,0.1,softmax_final,10,,0.0039522424340248,1146.0
21,0.1,softmax_final,11,,0.0039452570490539,5642.0
21,0.1,softmax_final,12,,0.0039040073752403,7664.0
21,0.1,softmax_final,13,,0.0033570823725312,607.0
21,0.1,softmax_final,14,,0.0030936507973819,29420.0
21,0.1,softmax_final,15,,0.0030281369108706,445.0
21,0.1,softmax_final,16,,0.0026536376681178,29973.0
21,0.1,softmax_final,17,,0.0026161218993365,8564.0
21,0.1,softmax_final,18,,0.0025580578949302,16866.0
21,0.1,softmax_final,19,,0.002468631369993,12255.0
21,0.1,softmax_final,20,,0.0023209496866911,2023.0
22,0.1,z_original,1,1360.0,-16.671875,
22,0.1,z_original,2,3241.0,14.921875,
22,0.1,z_original,3,2084.0,-13.6328125,
22,0.1,z_original,4,2660.0,-13.375,
22,0.1,z_original,5,2358.0,10.515625,
22,0.1,z_original,6,2002.0,-10.359375,
22,0.1,z_original,7,1176.0,-10.28125,
22,0.1,z_original,8,3684.0,-10.2109375,
22,0.1,z_original,9,2021.0,-10.078125,
22,0.1,z_original,10,392.0,9.578125,
22,0.1,z_original,11,1839.0,-9.2265625,
22,0.1,z_original,12,4076.0,-8.546875,
22,0.1,z_original,13,3971.0,8.0625,
22,0.1,z_original,14,3700.0,7.828125,
22,0.1,z_original,15,269.0,7.69140625,
22,0.1,z_original,16,787.0,7.6171875,
22,0.1,z_original,17,3582.0,-7.23046875,
22,0.1,z_original,18,3402.0,6.96875,
22,0.1,z_original,19,1681.0,-6.921875,
22,0.1,z_original,20,191.0,6.8984375,
22,0.1,z_final,1,1360.0,-16.771875381469727,
22,0.1,z_final,2,3241.0,15.021875381469728,
22,0.1,z_final,3,2084.0,-13.732812881469728,
22,0.1,z_final,4,2660.0,-13.475000381469728,
22,0.1,z_final,5,2002.0,-10.459375381469728,
22,0.1,z_final,6,2358.0,10.415624618530272,
22,0.1,z_final,7,1176.0,-10.381250381469728,
22,0.1,z_final,8,3684.0,-10.310937881469728,
22,0.1,z_final,9,2021.0,-10.178125381469728,
22,0.1,z_final,10,392.0,9.678125381469728,
22,0.1,z_final,11,1839.0,-9.326562881469728,
22,0.1,z_final,12,4076.0,-8.446874618530273,
22,0.1,z_final,13,3971.0,8.162500381469727,
22,0.1,z_final,14,3700.0,7.728125095367432,
22,0.1,z_final,15,787.0,7.717187404632568,
22,0.1,z_final,16,269.0,7.591406345367432,
22,0.1,z_final,17,3582.0,-7.330468654632568,
22,0.1,z_final,18,1681.0,-7.021874904632568,
22,0.1,z_final,19,3402.0,6.868750095367432,
22,0.1,z_final,20,191.0,6.798437595367432,
22,0.1,softmax_original,1,,0.9685146808624268,278.0
22,0.1,softmax_original,2,,0.0052483659237623,451.0
22,0.1,softmax_original,3,,0.0025134955067187,884.0
22,0.1,softmax_original,4,,0.0021059506107121,29973.0
22,0.1,softmax_original,5,,0.0020871183369308,2869.0
22,0.1,softmax_original,6,,0.0016150886658579,263.0
22,0.1,softmax_original,7,,0.0009034615359269,29901.0
22,0.1,softmax_original,8,,0.0008427670691162,5545.0
22,0.1,softmax_original,9,,0.0008397633209824,491.0
22,0.1,softmax_original,10,,0.0008165334002114,5982.0
22,0.1,softmax_original,11,,0.0007964865653775,856.0
22,0.1,softmax_original,12,,0.000644298212137,29892.0
22,0.1,softmax_original,13,,0.0005845013656653,6200.0
22,0.1,softmax_original,14,,0.0005627655191347,29871.0
22,0.1,softmax_original,15,,0.0004149580199737,13.0
22,0.1,softmax_original,16,,0.0003869291685987,13112.0
22,0.1,softmax_original,17,,0.0003788898175116,297.0
22,0.1,softmax_original,18,,0.0003468946379143,16631.0
22,0.1,softmax_original,19,,0.0002983377198688,5279.0
22,0.1,softmax_original,20,,0.0002575992548372,2845.0
22,0.1,softmax_final,1,,0.5778362154960632,278.0
22,0.1,softmax_final,2,,0.1119283214211463,451.0
22,0.1,softmax_final,3,,0.0403790920972824,2869.0
22,0.1,softmax_final,4,,0.0351951643824577,884.0
22,0.1,softmax_final,5,,0.0259005259722471,29973.0
22,0.1,softmax_final,6,,0.012861811555922,5982.0
22,0.1,softmax_final,7,,0.0119010740891098,5545.0
22,0.1,softmax_final,8,,0.0101795857772231,6200.0
22,0.1,softmax_final,9,,0.0087181786075234,29901.0
22,0.1,softmax_final,10,,0.0081563144922256,856.0
22,0.1,softmax_final,11,,0.0072227870114147,491.0
22,0.1,softmax_final,12,,0.0066231237724423,13112.0
22,0.1,softmax_final,13,,0.0047011673450469,16631.0
22,0.1,softmax_final,14,,0.0046552815474569,263.0
22,0.1,softmax_final,15,,0.0045229960232973,29892.0
22,0.1,softmax_final,16,,0.004102574661374,5279.0
22,0.1,softmax_final,17,,0.0035619386471807,29871.0
22,0.1,softmax_final,18,,0.0033118256833404,6892.0
22,0.1,softmax_final,19,,0.0028699317481368,5642.0
22,0.1,softmax_final,20,,0.0027059195563197,13.0
23,0.1,z_original,1,1512.0,31.484375,
23,0.1,z_original,2,1360.0,-8.65625,
23,0.1,z_original,3,2660.0,-8.625,
23,0.1,z_original,4,269.0,8.296875,
23,0.1,z_original,5,2002.0,-8.1328125,
23,0.1,z_original,6,2004.0,7.421875,
23,0.1,z_original,7,1927.0,-6.8125,
23,0.1,z_original,8,1839.0,-6.515625,
23,0.1,z_original,9,3700.0,-6.48046875,
23,0.1,z_original,10,2404.0,-6.28125,
23,0.1,z_original,11,704.0,6.2734375,
23,0.1,z_original,12,3554.0,-6.15625,
23,0.1,z_original,13,1176.0,-5.97265625,
23,0.1,z_original,14,3241.0,5.79296875,
23,0.1,z_original,15,1312.0,5.78125,
23,0.1,z_original,16,3666.0,-5.72265625,
23,0.1,z_original,17,2281.0,-5.62890625,
23,0.1,z_original,18,4000.0,-5.625,
23,0.1,z_original,19,3195.0,5.546875,
23,0.1,z_original,20,1583.0,-5.51171875,
23,0.1,z_final,1,1512.0,31.484375,
23,0.1,z_final,2,1360.0,-8.756250381469727,
23,0.1,z_final,3,2660.0,-8.725000381469727,
23,0.1,z_final,4,269.0,8.196874618530273,
23,0.1,z_final,5,2002.0,-8.1328125,
23,0.1,z_final,6,2004.0,7.421875,
23,0.1,z_final,7,1927.0,-6.8125,
23,0.1,z_final,8,1839.0,-6.515625,
23,0.1,z_final,9,3700.0,-6.48046875,
23,0.1,z_final,10,704.0,6.373437404632568,
23,0.1,z_final,11,2404.0,-6.28125,
23,0.1,z_final,12,3554.0,-6.15625,
23,0.1,z_final,13,1176.0,-5.97265625,
23,0.1,z_final,14,3241.0,5.79296875,
23,0.1,z_final,15,1312.0,5.78125,
23,0.1,z_final,16,3666.0,-5.72265625,
23,0.1,z_final,17,2281.0,-5.62890625,
23,0.1,z_final,18,4000.0,-5.625,
23,0.1,z_final,19,3195.0,5.546875,
23,0.1,z_final,20,1583.0,-5.51171875,
23,0.1,softmax_original,1,,0.7723700404167175,3144.0
23,0.1,softmax_original,2,,0.0785801112651825,2894.0
23,0.1,softmax_original,3,,0.0404685586690902,288.0
23,0.1,softmax_original,4,,0.0322009027004241,26438.0
23,0.1,softmax_original,5,,0.0193274058401584,5864.0
23,0.1,softmax_original,6,,0.0162802599370479,29746.0
23,0.1,softmax_original,7,,0.0076607512310147,22233.0
23,0.1,softmax_original,8,,0.0056890626437962,263.0
23,0.1,softmax_original,9,,0.0054565127938985,9687.0
23,0.1,softmax_original,10,,0.0047832615673542,1559.0
23,0.1,softmax_original,11,,0.0031029756646603,502.0
23,0.1,softmax_original,12,,0.0017808271804824,2560.0
23,0.1,softmax_original,13,,0.0013052987633273,13206.0
23,0.1,softmax_original,14,,0.0011803023517131,8024.0
23,0.1,softmax_original,15,,0.0010795166017487,22004.0
23,0.1,softmax_original,16,,0.000951213936787,278.0
23,0.1,softmax_original,17,,0.0008217527647502,825.0
23,0.1,softmax_original,18,,0.0005219808081164,1023.0
23,0.1,softmax_original,19,,0.0003787288733292,13.0
23,0.1,softmax_original,20,,0.0003570591798052,330.0
23,0.1,softmax_final,1,,0.3414074182510376,2894.0
23,0.1,softmax_final,2,,0.3404989242553711,3144.0
23,0.1,softmax_final,3,,0.0889068245887756,288.0
23,0.1,softmax_final,4,,0.0677188485860824,26438.0
23,0.1,softmax_final,5,,0.0427311286330223,5864.0
23,0.1,softmax_final,6,,0.0353733636438846,29746.0
23,0.1,softmax_final,7,,0.0165549237281084,22233.0
23,0.1,softmax_final,8,,0.0111619960516691,263.0
23,0.1,softmax_final,9,,0.011106270365417,9687.0
23,0.1,softmax_final,10,,0.0098035028204321,1559.0
23,0.1,softmax_final,11,,0.0065969424322247,502.0
23,0.1,softmax_final,12,,0.0036195798311382,2560.0
23,0.1,softmax_final,13,,0.0027890061028301,13206.0
23,0.1,softmax_final,14,,0.0024288985878229,8024.0
23,0.1,softmax_final,15,,0.0022220676764845,22004.0
23,0.1,softmax_final,16,,0.0018975598504766,278.0
23,0.1,softmax_final,17,,0.0016972461016848,825.0
23,0.1,softmax_final,18,,0.0010718054836615,1023.0
23,0.1,softmax_final,19,,0.0007267894106917,13.0
23,0.1,softmax_final,20,,0.0006650417344644,330.0
24,0.1,z_original,1,3241.0,9.671875,
24,0.1,z_original,2,3402.0,7.3671875,
24,0.1,z_original,3,2368.0,-6.6796875,
24,0.1,z_original,4,2660.0,-6.6015625,
24,0.1,z_original,5,392.0,6.5078125,
24,0.1,z_original,6,3556.0,-6.0625,
24,0.1,z_original,7,1076.0,-6.046875,
24,0.1,z_original,8,787.0,5.9296875,
24,0.1,z_original,9,1465.0,5.6171875,
24,0.1,z_original,10,1839.0,-5.56640625,
24,0.1,z_original,11,3837.0,5.4453125,
24,0.1,z_original,12,531.0,-5.40625,
24,0.1,z_original,13,1830.0,5.32421875,
24,0.1,z_original,14,2643.0,-5.21875,
24,0.1,z_original,15,1314.0,-5.203125,
24,0.1,z_original,16,3565.0,5.10546875,
24,0.1,z_original,17,1927.0,-5.1015625,
24,0.1,z_original,18,45.0,5.0859375,
24,0.1,z_original,19,3432.0,5.07421875,
24,0.1,z_original,20,970.0,-5.06640625,
24,0.1,z_final,1,3241.0,9.771875381469728,
24,0.1,z_final,2,3402.0,7.467187404632568,
24,0.1,z_final,3,2368.0,-6.779687404632568,
24,0.1,z_final,4,2660.0,-6.501562595367432,
24,0.1,z_final,5,392.0,6.407812595367432,
24,0.1,z_final,6,3556.0,-6.162499904632568,
24,0.1,z_final,7,1076.0,-6.146874904632568,
24,0.1,z_final,8,787.0,6.029687404632568,
24,0.1,z_final,9,3837.0,5.545312404632568,
24,0.1,z_final,10,1465.0,5.517187595367432,
24,0.1,z_final,11,1839.0,-5.466406345367432,
24,0.1,z_final,12,531.0,-5.306250095367432,
24,0.1,z_final,13,1830.0,5.224218845367432,
24,0.1,z_final,14,45.0,5.185937404632568,
24,0.1,z_final,15,1145.0,5.146874904632568,
24,0.1,z_final,16,2643.0,-5.118750095367432,
24,0.1,z_final,17,1314.0,-5.103125095367432,
24,0.1,z_final,18,2121.0,-5.021874904632568,
24,0.1,z_final,19,3565.0,5.005468845367432,
24,0.1,z_final,20,1927.0,-5.001562595367432,
24,0.1,softmax_original,1,,0.9991152882575988,409.0
24,0.1,softmax_original,2,,0.0006871177465654,922.0
24,0.1,softmax_original,3,,0.0001055289976648,1737.0
24,0.1,softmax_original,4,,1.744856490404345e-05,344.0
24,0.1,softmax_original,5,,1.554244772705715e-05,8437.0
24,0.1,softmax_original,6,,1.2619313565664925e-05,15509.0
24,0.1,softmax_original,7,,8.616620107204653e-06,376.0
24,0.1,softmax_original,8,,6.711423793603899e-06,269.0
24,0.1,softmax_original,9,,6.378990747180069e-06,2008.0
24,0.1,softmax_original,10,,3.005028929692344e-06,452.0
24,0.1,softmax_original,11,,2.399604682068457e-06,1346.0
24,0.1,softmax_original,12,,1.543687858429621e-06,7019.0
24,0.1,softmax_original,13,,1.216310920426622e-06,1586.0
24,0.1,softmax_original,14,,1.1914028164028425e-06,525.0
24,0.1,softmax_original,15,,1.0474560667717014e-06,11563.0
24,0.1,softmax_original,16,,1.0150909020012475e-06,29901.0
24,0.1,softmax_original,17,,7.933593337838829e-07,13.0
24,0.1,softmax_original,18,,6.870394031466276e-07,5129.0
24,0.1,softmax_original,19,,6.494679496427125e-07,1879.0
24,0.1,softmax_original,20,,5.481135190166242e-07,903.0
24,0.1,softmax_final,1,,0.7299957275390625,409.0
24,0.1,softmax_final,2,,0.2620164155960083,922.0
24,0.1,softmax_final,3,,0.0043462803587317,1737.0
24,0.1,softmax_final,4,,0.0008423077524639,2008.0
24,0.1,softmax_final,5,,0.0005785294342786,8437.0
24,0.1,softmax_final,6,,0.0004872430872637,15509.0
24,0.1,softmax_final,7,,0.0003231790033169,376.0
24,0.1,softmax_final,8,,0.0003069682279601,344.0
24,0.1,softmax_final,9,,0.000201506743906,269.0
24,0.1,softmax_final,10,,9.206948016071692e-05,1346.0
24,0.1,softmax_final,11,,7.78184985392727e-05,452.0
24,0.1,softmax_final,12,,5.035430149291642e-05,525.0
24,0.1,softmax_final,13,,4.589233867591247e-05,11563.0
24,0.1,softmax_final,14,,4.424785220180638e-05,7019.0
24,0.1,softmax_final,15,,4.0437789721181616e-05,29901.0
24,0.1,softmax_final,16,,3.632904554251581e-05,1879.0
24,0.1,softmax_final,17,,2.726405546127353e-05,13.0
24,0.1,softmax_final,18,,2.6928746592602693e-05,5129.0
24,0.1,softmax_final,19,,2.151230182789732e-05,903.0
24,0.1,softmax_final,20,,2.1237034161458723e-05,24919.0
25,0.1,z_original,1,1512.0,46.1875,
25,0.1,z_original,2,2660.0,-13.359375,
25,0.1,z_original,3,1839.0,-11.265625,
25,0.1,z_original,4,3402.0,10.703125,
25,0.1,z_original,5,1360.0,-9.8515625,
25,0.1,z_original,6,112.0,9.390625,
25,0.1,z_original,7,4053.0,9.2109375,
25,0.1,z_original,8,3800.0,-9.0234375,
25,0.1,z_original,9,392.0,8.78125,
25,0.1,z_original,10,3700.0,8.578125,
25,0.1,z_original,11,269.0,8.171875,
25,0.1,z_original,12,3241.0,7.26953125,
25,0.1,z_original,13,3971.0,7.23046875,
25,0.1,z_original,14,4076.0,-6.71484375,
25,0.1,z_original,15,21.0,-6.65625,
25,0.1,z_original,16,1803.0,-6.54296875,
25,0.1,z_original,17,3839.0,-6.421875,
25,0.1,z_original,18,1893.0,6.296875,
25,0.1,z_original,19,1018.0,-6.27734375,
25,0.1,z_original,20,590.0,-6.2578125,
25,0.1,z_final,1,1512.0,46.28749847412109,
25,0.1,z_final,2,2660.0,-13.259374618530272,
25,0.1,z_final,3,1839.0,-11.165624618530272,
25,0.1,z_final,4,3402.0,10.603124618530272,
25,0.1,z_final,5,1360.0,-9.751562118530272,
25,0.1,z_final,6,112.0,9.290624618530272,
25,0.1,z_final,7,4053.0,9.110937118530272,
25,0.1,z_final,8,3800.0,-9.0234375,
25,0.1,z_final,9,392.0,8.681249618530273,
25,0.1,z_final,10,3700.0,8.478124618530273,
25,0.1,z_final,11,269.0,8.171875,
25,0.1,z_final,12,3971.0,7.23046875,
25,0.1,z_final,13,3241.0,7.169531345367432,
25,0.1,z_final,14,4076.0,-6.614843845367432,
25,0.1,z_final,15,21.0,-6.556250095367432,
25,0.1,z_final,16,1803.0,-6.54296875,
25,0.1,z_final,17,590.0,-6.357812404632568,
25,0.1,z_final,18,3839.0,-6.321875095367432,
25,0.1,z_final,19,1018.0,-6.27734375,
25,0.1,z_final,20,1893.0,6.196875095367432,
25,0.1,softmax_original,1,,0.9105620980262756,29334.0
25,0.1,softmax_original,2,,0.0139086255803704,2155.0
25,0.1,softmax_original,3,,0.0108407093212008,13.0
25,0.1,softmax_original,4,,0.0093393772840499,903.0
25,0.1,softmax_original,5,,0.0067598856985569,2448.0
25,0.1,softmax_original,6,,0.0058992491103708,856.0
25,0.1,softmax_original,7,,0.0049346182495355,24206.0
25,0.1,softmax_original,8,,0.0040976349264383,263.0
25,0.1,softmax_original,9,,0.0038805026561021,451.0
25,0.1,softmax_original,10,,0.0030192404519766,3082.0
25,0.1,softmax_original,11,,0.0024339440278708,29973.0
25,0.1,softmax_original,12,,0.0019275981467217,29901.0
25,0.1,softmax_original,13,,0.0017407923005521,350.0
25,0.1,softmax_original,14,,0.0015075664268806,1058.0
25,0.1,softmax_original,15,,0.0014427463756874,385.0
25,0.1,softmax_original,16,,0.0013615299249067,29132.0
25,0.1,softmax_original,17,,0.0010982222156599,278.0
25,0.1,softmax_original,18,,0.0009140356560237,29892.0
25,0.1,softmax_original,19,,0.0008533783839084,2023.0
25,0.1,softmax_original,20,,0.0006339484243653,20861.0
25,0.1,softmax_final,1,,0.2102536112070083,2155.0
25,0.1,softmax_final,2,,0.2100666165351867,29334.0
25,0.1,softmax_final,3,,0.1295045912265777,13.0
25,0.1,softmax_final,4,,0.0920153707265853,903.0
25,0.1,softmax_final,5,,0.0518916510045528,856.0
25,0.1,softmax_final,6,,0.0394211038947105,263.0
25,0.1,softmax_final,7,,0.027854885905981,451.0
25,0.1,softmax_final,8,,0.0254791118204593,2448.0
25,0.1,softmax_final,9,,0.0197280887514352,24206.0
25,0.1,softmax_final,10,,0.0180881693959236,29973.0
25,0.1,softmax_final,11,,0.0179004333913326,3082.0
25,0.1,softmax_final,12,,0.01564103923738,29901.0
25,0.1,softmax_final,13,,0.0150238331407308,350.0
25,0.1,softmax_final,14,,0.0110067864879965,385.0
25,0.1,softmax_final,15,,0.0094269569963216,29892.0
25,0.1,softmax_final,16,,0.0091754989698529,1058.0
25,0.1,softmax_final,17,,0.0088073359802365,278.0
25,0.1,softmax_final,18,,0.0063985153101384,2023.0
25,0.1,softmax_final,19,,0.0053936010226607,29132.0
25,0.1,softmax_final,20,,0.0050996919162571,29889.0
