input_id,epsilon,success,num_neurons,soundness_ratio,orig_z_rank1_idx,orig_z_rank1_val,orig_z_rank2_idx,orig_z_rank2_val,orig_z_rank3_idx,orig_z_rank3_val,orig_z_rank4_idx,orig_z_rank4_val,orig_z_rank5_idx,orig_z_rank5_val,orig_z_rank6_idx,orig_z_rank6_val,orig_z_rank7_idx,orig_z_rank7_val,orig_z_rank8_idx,orig_z_rank8_val,orig_z_rank9_idx,orig_z_rank9_val,orig_z_rank10_idx,orig_z_rank10_val,orig_z_rank11_idx,orig_z_rank11_val,orig_z_rank12_idx,orig_z_rank12_val,orig_z_rank13_idx,orig_z_rank13_val,orig_z_rank14_idx,orig_z_rank14_val,orig_z_rank15_idx,orig_z_rank15_val,orig_z_rank16_idx,orig_z_rank16_val,orig_z_rank17_idx,orig_z_rank17_val,orig_z_rank18_idx,orig_z_rank18_val,orig_z_rank19_idx,orig_z_rank19_val,orig_z_rank20_idx,orig_z_rank20_val,final_z_rank1_idx,final_z_rank1_val,final_z_rank2_idx,final_z_rank2_val,final_z_rank3_idx,final_z_rank3_val,final_z_rank4_idx,final_z_rank4_val,final_z_rank5_idx,final_z_rank5_val,final_z_rank6_idx,final_z_rank6_val,final_z_rank7_idx,final_z_rank7_val,final_z_rank8_idx,final_z_rank8_val,final_z_rank9_idx,final_z_rank9_val,final_z_rank10_idx,final_z_rank10_val,final_z_rank11_idx,final_z_rank11_val,final_z_rank12_idx,final_z_rank12_val,final_z_rank13_idx,final_z_rank13_val,final_z_rank14_idx,final_z_rank14_val,final_z_rank15_idx,final_z_rank15_val,final_z_rank16_idx,final_z_rank16_val,final_z_rank17_idx,final_z_rank17_val,final_z_rank18_idx,final_z_rank18_val,final_z_rank19_idx,final_z_rank19_val,final_z_rank20_idx,final_z_rank20_val,orig_softmax_rank1_idx,orig_softmax_rank1_prob,orig_softmax_rank2_idx,orig_softmax_rank2_prob,orig_softmax_rank3_idx,orig_softmax_rank3_prob,orig_softmax_rank4_idx,orig_softmax_rank4_prob,orig_softmax_rank5_idx,orig_softmax_rank5_prob,orig_softmax_rank6_idx,orig_softmax_rank6_prob,orig_softmax_rank7_idx,orig_softmax_rank7_prob,orig_softmax_rank8_idx,orig_softmax_rank8_prob,orig_softmax_rank9_idx,orig_softmax_rank9_prob,orig_softmax_rank10_idx,orig_softmax_rank10_prob,orig_softmax_rank11_idx,orig_softmax_rank11_prob,orig_softmax_rank12_idx,orig_softmax_rank12_prob,orig_softmax_rank13_idx,orig_softmax_rank13_prob,orig_softmax_rank14_idx,orig_softmax_rank14_prob,orig_softmax_rank15_idx,orig_softmax_rank15_prob,orig_softmax_rank16_idx,orig_softmax_rank16_prob,orig_softmax_rank17_idx,orig_softmax_rank17_prob,orig_softmax_rank18_idx,orig_softmax_rank18_prob,orig_softmax_rank19_idx,orig_softmax_rank19_prob,orig_softmax_rank20_idx,orig_softmax_rank20_prob,final_softmax_rank1_idx,final_softmax_rank1_prob,final_softmax_rank2_idx,final_softmax_rank2_prob,final_softmax_rank3_idx,final_softmax_rank3_prob,final_softmax_rank4_idx,final_softmax_rank4_prob,final_softmax_rank5_idx,final_softmax_rank5_prob,final_softmax_rank6_idx,final_softmax_rank6_prob,final_softmax_rank7_idx,final_softmax_rank7_prob,final_softmax_rank8_idx,final_softmax_rank8_prob,final_softmax_rank9_idx,final_softmax_rank9_prob,final_softmax_rank10_idx,final_softmax_rank10_prob,final_softmax_rank11_idx,final_softmax_rank11_prob,final_softmax_rank12_idx,final_softmax_rank12_prob,final_softmax_rank13_idx,final_softmax_rank13_prob,final_softmax_rank14_idx,final_softmax_rank14_prob,final_softmax_rank15_idx,final_softmax_rank15_prob,final_softmax_rank16_idx,final_softmax_rank16_prob,final_softmax_rank17_idx,final_softmax_rank17_prob,final_softmax_rank18_idx,final_softmax_rank18_prob,final_softmax_rank19_idx,final_softmax_rank19_prob,final_softmax_rank20_idx,final_softmax_rank20_prob
1,0.1,True,1492,0.3642578125,1512,39.65625,1927,-12.953125,392,11.890625,3971,11.78125,269,10.546875,2660,-9.609375,2358,9.59375,2184,-9.296875,3402,9.0546875,3830,8.9921875,2604,-8.5,2330,8.4609375,2977,-7.9921875,1130,-7.86328125,1360,-7.76171875,486,-7.73046875,3241,7.66796875,272,-7.1171875,3582,-7.109375,3981,6.984375,1512,39.65625,1927,-13.053125381469728,392,11.990625381469728,3971,11.681249618530272,269,10.646875381469728,2660,-9.709375381469728,2358,9.59375,2184,-9.396875381469728,3830,8.9921875,3402,8.954687118530273,2330,8.560937881469727,2604,-8.5,2977,-7.9921875,1130,-7.86328125,486,-7.830468654632568,1360,-7.661718845367432,3241,7.567968845367432,272,-7.1171875,3582,-7.109375,3981,6.984375,3681,0.8930634260177612,263,0.0345411486923694,2998,0.0096845747902989,5982,0.0070159481838345,2000,0.0055358251556754,278,0.0042777340859174,856,0.0034582926891744,385,0.0031993191223591,451,0.0028357347473502,4257,0.0023090422619134,903,0.0015729191945865,22444,0.0012975204735994,884,0.0012589114485308,1459,0.0012528068618848,697,0.0011857650242745,2869,0.0011459721717983,2177,0.001096200547181,24046,0.0007470058044418,29901,0.0007197310915216,6200,0.0005827753921039,263,0.3315927386283874,3681,0.3311291337013244,2998,0.047940969467163,5982,0.0302106551826,278,0.0294873919337987,2000,0.0254423711448907,385,0.02127574570477,856,0.018344547599554,451,0.0152981784194707,4257,0.0096946125850081,903,0.0069657270796597,697,0.0064006876200437,884,0.0063920738175511,22444,0.0050882659852504,2869,0.0049282698892056,29901,0.0039823888801038,1459,0.0036419378593564,29892,0.0029231184162199,24046,0.0027627693489193,13,0.0024255793541669
2,0.1,True,2313,0.564697265625,1360,-17.75,3241,16.859375,2660,-14.5,3684,-10.6796875,1176,-9.9375,3830,9.84375,269,9.515625,1314,8.328125,2021,-8.171875,3971,8.1640625,486,-8.1328125,392,7.96875,2084,-7.91015625,2184,-7.859375,3556,-7.83203125,2358,7.80859375,2281,-7.7734375,2604,-7.6953125,1839,-7.5078125,1888,-7.32421875,1360,-17.850000381469727,3241,16.959375381469727,2660,-14.600000381469728,3684,-10.779687881469728,1176,-9.9375,3830,9.84375,269,9.415624618530272,1314,8.328125,2021,-8.271875381469727,3971,8.264062881469727,392,8.068750381469727,486,-8.032812118530273,2184,-7.959374904632568,3556,-7.932031154632568,2084,-7.810156345367432,2604,-7.795312404632568,2281,-7.7734375,2358,7.708593845367432,1839,-7.607812404632568,1888,-7.32421875,278,0.9200286865234376,451,0.0289103519171476,263,0.0154372164979577,856,0.0028025298379361,385,0.0025782042648643,29892,0.002198300557211,5642,0.0016063336515799,2000,0.0015869259368628,2869,0.0015443923184648,884,0.0014895653584972,29901,0.0012386885937303,694,0.0011166046606376,1476,0.0009560239850543,577,0.0006817997200414,1286,0.0006805719458498,2998,0.0005984430899843,563,0.0005864602862857,297,0.0004249222401995,903,0.0004093227616976,29973,0.0003867016930598,451,0.4169722199440002,278,0.4164134860038757,263,0.0302785634994506,856,0.0104122683405876,5642,0.0078721418976783,2869,0.0074478224851191,2000,0.0068041551858186,884,0.0066488445736467,29892,0.0064584319479763,385,0.0056991656310856,694,0.0048712412826716,29901,0.0043470575474202,1476,0.0038506111595779,1286,0.0027792260516434,577,0.0024130037054419,2998,0.0023832453880459,563,0.0023746876977384,6200,0.0016103759407997,5517,0.0015363867860287,5279,0.0015263420064002
3,0.1,True,524,0.1279296875,3241,7.07421875,1839,-6.3203125,2004,5.7109375,1176,-5.60546875,3727,5.51171875,2575,5.2734375,273,-5.1875,1927,-5.125,3831,5.0859375,2404,-4.94921875,3905,-4.921875,3743,4.9140625,2002,-4.8984375,1026,4.8984375,1788,4.890625,3028,4.87109375,445,-4.76953125,3200,4.76171875,269,4.75,197,4.7109375,3241,7.174218654632568,1839,-6.420312404632568,2004,5.810937404632568,1176,-5.705468654632568,3727,5.51171875,2575,5.2734375,273,-5.1875,1927,-5.125,3831,5.0859375,2404,-4.94921875,3905,-4.921875,3743,4.9140625,2002,-4.8984375,1026,4.8984375,1788,4.890625,3028,4.87109375,445,-4.76953125,3200,4.661718845367432,3114,4.65625,269,4.650000095367432,278,0.7385081052780151,4266,0.0972119346261024,1023,0.0498574972152709,8024,0.0143962819129228,607,0.0134501224383711,18577,0.012739835307002,2894,0.010854123160243,9101,0.0078042251989245,263,0.0069819185882806,521,0.0057523790746927,903,0.0049178451299667,825,0.0042519872076809,2211,0.0033434152137488,3196,0.0027786726132035,599,0.0022807004861533,1716,0.0018317048670724,13874,0.0017956993542611,5094,0.0017122562276199,3578,0.0012313809711486,1784,0.0011819869978353,4266,0.389980137348175,278,0.3894724249839782,1023,0.0681163370609283,8024,0.0230438653379678,18577,0.0218800641596317,607,0.0151754179969429,2894,0.0149744506925344,9101,0.0119850793853402,521,0.0065772095695137,903,0.0060875443741679,263,0.0055449926294386,825,0.0045255962759256,2211,0.0044034882448613,3196,0.0034825187176465,13874,0.0025569885037839,5094,0.0023527927696704,599,0.0022634055931121,1716,0.0020328662358224,3578,0.0016033962601795,1784,0.0014395988546311
4,0.1,True,59,0.014404296875,392,10.03125,2298,9.96875,3241,9.296875,3402,8.890625,1512,8.71875,514,-8.3515625,2042,-8.140625,3971,7.9375,2084,-7.8046875,2425,-7.53125,1927,-7.078125,1598,-7.03125,4053,-6.9453125,2118,6.578125,2611,-6.53515625,4076,-6.4609375,3197,-6.453125,3839,6.4296875,2660,-6.421875,3,-6.3671875,392,10.131250381469728,2298,9.96875,3241,9.196874618530272,3402,8.790624618530273,1512,8.71875,514,-8.3515625,2042,-8.240625381469727,3971,7.837500095367432,2084,-7.8046875,2425,-7.53125,1927,-7.178124904632568,1598,-7.03125,4053,-6.9453125,2118,6.578125,2611,-6.53515625,3839,6.529687404632568,4076,-6.4609375,3197,-6.453125,3,-6.3671875,2660,-6.321875095367432,14235,0.4901208877563476,29871,0.3250536620616913,263,0.1194196492433548,1048,0.0150141548365354,3342,0.0117524666711688,395,0.0073282932862639,20928,0.0028380495496094,27291,0.0026256630662828,29901,0.0025004220660775,2337,0.0024122444447129,903,0.0017521706176921,5186,0.0016239274991676,3721,0.0014146623434498,385,0.0013218184467405,2183,0.0013104929821565,4868,0.0012552089756354,2820,0.0009214904857799,13,0.0008377585327252,278,0.0006743491976521,421,0.0005471054464578,29871,0.4138162434101105,14235,0.4119443297386169,263,0.1147181540727615,1048,0.013734214939177,3342,0.0104032885283231,395,0.0069966441951692,29901,0.0025485896039754,20928,0.0023771536070853,27291,0.0022417858708649,2337,0.0021785900462418,903,0.0016472501447424,5186,0.0014240473974496,3721,0.001247233711183,385,0.001235494739376,2183,0.0011845375411212,4868,0.0011101582786068,13,0.0008699989411979,2820,0.0008256867295131,278,0.0006303582922555,421,0.0004981563542969
5,0.1,True,3374,0.82373046875,3241,16.75,1360,-12.6640625,2617,9.25,269,9.09375,3556,-8.28125,3402,8.03125,3839,7.890625,2042,-7.74609375,3971,7.734375,2771,-6.91796875,3391,-6.765625,2660,-6.71875,2569,6.6015625,1927,-6.46875,2004,-6.40234375,3383,6.3203125,380,-6.265625,1838,6.24609375,4090,6.234375,2358,6.19140625,3241,16.649999618530273,1360,-12.564062118530272,2617,9.350000381469728,269,9.09375,3556,-8.181249618530273,3839,7.990624904632568,3402,7.931250095367432,2042,-7.846093654632568,3971,7.834374904632568,2771,-7.017968654632568,2569,6.701562404632568,3391,-6.665625095367432,2660,-6.618750095367432,1927,-6.568749904632568,2004,-6.502343654632568,3571,-6.252343654632568,3383,6.220312595367432,380,-6.165625095367432,1838,6.146093845367432,4090,6.134375095367432,8407,0.9913066029548644,319,0.0015648604603484,4059,0.001358552952297,29909,0.0009897861164063,3763,0.0006912351818755,13,0.0005851472960785,23266,0.0003662037779577,2180,0.0001918901252793,7260,0.0001863408397184,1291,0.0001641996495891,25951,0.0001553990005049,376,0.0001486399705754,10813,0.0001389708777423,7740,0.0001385579962516,4049,0.000107029096398,5491,9.220933861797675e-05,29871,8.522970165358856e-05,2023,7.325443584704772e-05,1976,6.883461901452392e-05,4709,6.69414657750167e-05,319,0.2605498433113098,8407,0.2601992189884186,29909,0.0921105667948722,4059,0.0879632979631424,13,0.0782689377665519,3763,0.0451442785561084,376,0.0141675444319844,2180,0.0111280409619212,29871,0.0108956256881356,23266,0.0107921082526445,1291,0.0084487088024616,313,0.0066973757930099,7260,0.005959456320852,10813,0.0055560111068189,7740,0.0053937467746436,4049,0.0051105259917676,2023,0.004878684412688,856,0.0045211599208414,5491,0.0043899887241423,1976,0.0033604782074689
6,0.1,True,1629,0.397705078125,3241,15.7734375,787,14.3828125,1415,13.859375,2611,-13.453125,1839,-13.0546875,2084,-13.0078125,3444,12.6640625,3684,-11.171875,1360,-10.46875,149,9.3359375,3700,9.296875,3556,-8.6171875,1927,-8.3984375,2021,-8.21875,3909,7.859375,470,7.609375,1573,-7.4609375,1681,-7.3359375,2357,-7.171875,3402,7.03515625,3241,15.7734375,787,14.482812881469728,1415,13.959375381469728,2611,-13.353124618530272,1839,-12.954687118530272,2084,-12.907812118530272,3444,12.564062118530272,3684,-11.071874618530272,1360,-10.368749618530272,3700,9.296875,149,9.235937118530272,3556,-8.517187118530273,1927,-8.498437881469727,2021,-8.118749618530273,3909,7.959374904632568,470,7.509375095367432,1573,-7.360937595367432,1681,-7.3359375,2357,-7.171875,3402,7.03515625,29973,0.9062568545341492,297,0.0346381813287735,13,0.0223747584968805,29892,0.0105454875156283,322,0.0048432946205139,1577,0.0035753992851823,29889,0.0024337177164852,19148,0.0013392616529017,472,0.0012526928912848,29871,0.0010556882480159,448,0.0008410109439864,3001,0.0007324327016249,393,0.0006081741303205,313,0.0005883955163881,29901,0.0004736180417239,29991,0.0004207058227621,526,0.0003168454568367,746,0.0003005651233252,363,0.0002272240672027,304,0.0002088504406856,297,0.3652292788028717,29973,0.3652020990848541,13,0.1339749544858932,29892,0.043646965175867,322,0.0249190293252468,29889,0.0078549291938543,472,0.0061288122087717,1577,0.0060459468513727,29871,0.0046573500148952,19148,0.0035515250638127,448,0.0031292221974581,313,0.0030287175904959,393,0.0024600976612418,3001,0.0021791495382785,29901,0.00130629632622,363,0.0010831869440153,746,0.0010523688979446,526,0.0010355091653764,304,0.0009354965295642,408,0.0008985598105937
7,0.1,True,87,0.021240234375,1512,23.875,525,9.828125,2118,7.9453125,2617,-7.703125,3967,-7.359375,392,7.296875,486,-7.2109375,3637,-7.06640625,2813,6.6171875,2021,-6.5625,347,-6.51953125,2330,6.39453125,2660,-6.29296875,1176,-6.25,148,-6.1875,1324,-6.15234375,3241,6.046875,2509,-6.0,517,-5.953125,3482,-5.921875,1512,23.875,525,9.828125,2118,7.9453125,2617,-7.803124904632568,3967,-7.359375,392,7.296875,486,-7.2109375,3637,-7.06640625,2813,6.6171875,2021,-6.5625,347,-6.419531345367432,2330,6.39453125,2660,-6.29296875,1176,-6.25,148,-6.1875,1324,-6.15234375,3241,6.046875,2509,-6.0,3482,-5.921875,2042,5.875,12566,0.5322706699371338,3013,0.3652229607105255,5557,0.0222409348934888,1371,0.0116775743663311,367,0.0112446174025535,2761,0.0087989810854196,5040,0.0076611088588833,24663,0.0058247633278369,8372,0.0040213894098997,29901,0.0035336592700332,9080,0.0015058838762342,5004,0.0013366200728341,3867,0.0012626944808289,4511,0.0012343726120889,437,0.0012319205561652,9437,0.0010835918365046,1544,0.0010798162547871,13,0.0008801411022432,281,0.0007541999220848,11592,0.0005553346709348,3013,0.4470432698726654,12566,0.4464314877986908,5557,0.0222519226372241,1371,0.0122246472164988,367,0.0119870929047465,2761,0.009252656251192,5040,0.0080652087926864,24663,0.0059571582823991,8372,0.0040892492979764,29901,0.0037114629521965,9080,0.0016070075798779,5004,0.0014009980950504,3867,0.0013651755871251,437,0.0013105173129588,4511,0.0012844981392845,1544,0.0011308952234685,9437,0.0010897122556343,13,0.0009428451885469,281,0.0008112206705845,11592,0.0005704907234758
8,0.1,True,1732,0.4228515625,3241,16.21875,3556,-15.875,3444,15.21875,2084,-14.078125,1360,-13.203125,1839,-13.015625,3971,12.6484375,1415,12.1015625,2611,-10.5234375,787,10.4375,3909,8.8359375,2660,-8.328125,1573,-8.15625,2357,-7.4453125,2021,-7.2421875,1640,-7.0,1681,-6.8984375,4076,-6.40625,470,6.296875,3150,6.09765625,3241,16.21875,3556,-15.774999618530272,3444,15.21875,2084,-13.978124618530272,1360,-13.103124618530272,1839,-12.915624618530272,3971,12.548437118530272,1415,12.201562881469728,787,10.537500381469728,2611,-10.423437118530272,3909,8.935937881469727,2660,-8.228124618530273,1573,-8.056249618530273,2357,-7.4453125,2021,-7.142187595367432,1640,-7.099999904632568,1681,-6.798437595367432,4076,-6.40625,470,6.196875095367432,3402,6.170312404632568,29973,0.9293559193611144,322,0.0234013553708791,29892,0.0141633506864309,297,0.0073246215470135,13,0.0058673862367868,373,0.0036771057639271,7111,0.0035439727362245,338,0.0014396348269656,29889,0.0012374358484521,3721,0.0011058513773605,947,0.0010839102324098,29901,0.0009677342022769,313,0.0009495714912191,746,0.0006051913369446,448,0.00054902973352,8679,0.0004696548276115,1577,0.0004609843890648,472,0.000385866878787,29871,0.0002292294084327,363,0.0001770986127667,322,0.3723134696483612,29973,0.3716961741447449,29892,0.0891300290822982,297,0.0510556362569332,13,0.0330033786594867,373,0.0218633022159338,7111,0.0106181548908352,338,0.0065783290192484,313,0.0059154080227017,29889,0.0051563624292612,947,0.0037090117111802,3721,0.0035679563879966,29901,0.0032701150048524,448,0.0024936941917985,746,0.0024698229972273,472,0.0020691181998699,8679,0.0016527817351743,29871,0.0010924657108262,669,0.0010069450363516,363,0.0009477478452026
9,0.1,True,172,0.0419921875,3241,16.15625,2084,-13.984375,1360,-11.90625,392,11.046875,2660,-10.6640625,3971,9.453125,269,9.0625,1176,-9.0078125,3556,-8.1796875,4076,-8.1640625,1839,-8.0078125,2281,-7.18359375,2021,-6.7109375,1512,6.65625,1927,-6.62890625,2358,6.35546875,2184,-6.27734375,3150,6.2734375,3830,6.06640625,1681,-6.01171875,3241,16.056249618530273,2084,-13.984375,1360,-12.006250381469728,392,11.046875,2660,-10.6640625,3971,9.353124618530272,269,9.0625,1176,-9.0078125,4076,-8.264062881469727,3556,-8.079687118530273,1839,-8.0078125,2281,-7.18359375,1512,6.65625,1927,-6.62890625,2021,-6.610937595367432,2358,6.35546875,2184,-6.27734375,3150,6.2734375,3830,6.06640625,1681,-6.01171875,385,0.4756608307361603,278,0.2955840229988098,263,0.0735138431191444,29901,0.0369576774537563,2000,0.0238048713654279,2998,0.01902487128973,5545,0.0121194757521152,451,0.0118012586608529,13,0.0096911517903208,29973,0.0060404292307794,903,0.0033739760983735,439,0.0026802783831954,825,0.0026298437733203,856,0.0018969912780448,472,0.0018866568570956,2086,0.0017716927686706,29871,0.0016381259774789,1603,0.0014966974267736,1554,0.0010887169046327,3342,0.0008038404630497,278,0.377165675163269,385,0.3769865930080414,263,0.0757540836930275,29901,0.0400641821324825,2000,0.026042602956295,2998,0.0213515926152467,5545,0.0131517387926578,451,0.0129311932250857,13,0.0110600758343935,29973,0.0064749727025628,903,0.0035718420986086,825,0.002944175619632,439,0.0028474438004195,856,0.0021106491331011,472,0.0020578233525156,2086,0.0019652766641229,29871,0.0017899270169436,1603,0.0016581136733293,1554,0.0011514415964484,3342,0.0009055385598912
10,0.1,True,770,0.18798828125,2084,-15.40625,3700,13.40625,2660,-13.0625,1176,-11.6875,3971,11.4921875,3444,10.296875,2042,-9.9453125,1839,-9.84375,3830,9.421875,3684,-9.375,4053,8.9765625,1360,-8.3828125,257,-8.1953125,3402,8.171875,2622,-8.0625,4076,-7.99609375,3061,-7.9296875,525,7.4296875,3826,7.4296875,2281,-7.3125,2084,-15.506250381469728,3700,13.506250381469728,2660,-13.162500381469728,1176,-11.6875,3971,11.592187881469728,3444,10.296875,2042,-10.045312881469728,1839,-9.743749618530272,3684,-9.475000381469728,3830,9.421875,4053,8.9765625,1360,-8.482812881469727,3402,8.271875381469727,257,-8.1953125,2622,-8.162500381469727,4076,-8.096094131469727,3061,-7.829687595367432,525,7.4296875,3826,7.4296875,2281,-7.412499904632568,297,0.5087699294090271,376,0.0856245830655098,304,0.0519172474741935,29892,0.0406078994274139,2645,0.0289872195571661,1546,0.023420987650752,1346,0.0233367979526519,746,0.0176137257367372,2820,0.0154131231829524,322,0.0142789185047149,363,0.0127455545589327,472,0.0098686702549457,411,0.009711854159832,408,0.0096032861620187,310,0.0092019373551011,1048,0.0087602091953158,4326,0.0073568057268857,525,0.0061501483432948,29889,0.0057457429356873,975,0.0049849613569676,376,0.243242934346199,297,0.2430196404457092,304,0.058489866554737,29892,0.042296178638935,1346,0.0414396673440933,2645,0.0374431870877742,1546,0.0329385995864868,746,0.0217323787510395,2820,0.0213021207600832,322,0.015164528042078,363,0.0129310879856348,525,0.012106530368328,1048,0.0119543755427002,4326,0.0110122142359614,408,0.0103427097201347,411,0.0102334795519709,310,0.010137403383851,472,0.0100121730938553,1550,0.0060273176059126,29889,0.0060129296034574
11,0.1,True,1474,0.35986328125,3241,25.3125,1360,-22.9375,1839,-15.25,2084,-14.8359375,2660,-14.3828125,392,14.1875,787,11.6328125,1512,11.46875,3971,10.46875,3556,-10.109375,269,9.796875,3494,-9.5,1640,-8.59375,2021,-8.5703125,2002,-8.5625,3684,-8.4375,1573,-8.0859375,4076,-7.609375,2617,7.47265625,3383,7.4453125,3241,25.412500381469727,1360,-23.037500381469727,1839,-15.350000381469728,2084,-14.935937881469728,2660,-14.482812881469728,392,14.1875,787,11.732812881469728,1512,11.46875,3971,10.46875,3556,-10.209375381469728,269,9.796875,3494,-9.600000381469728,1640,-8.693750381469727,2021,-8.670312881469727,2002,-8.662500381469727,3684,-8.537500381469727,1573,-8.185937881469727,4076,-7.709374904632568,3383,7.4453125,470,7.443749904632568,278,0.9111871123313904,2000,0.0449389517307281,2998,0.0353460609912872,612,0.0036841940600425,10369,0.0032887619454413,343,0.0003857070114463,4257,0.000229768367717,5546,0.0001602220727363,29901,4.628958413377404e-05,22444,4.562062895274721e-05,884,3.827497494057752e-05,12992,3.61239435733296e-05,5642,3.595669477363117e-05,29871,3.593866131268442e-05,263,3.537099473760463e-05,15574,2.834524821082596e-05,5279,2.6498119041207246e-05,2869,2.5428927983739413e-05,4325,2.288242285430897e-05,856,1.823503953346517e-05,2000,0.4119138717651367,278,0.411792904138565,2998,0.1611288189888,10369,0.0067358841188251,612,0.0053114355541765,4257,0.0007656410452909,343,0.0006045056506991,5546,0.0003279398661106,12992,0.0001164011773653,22444,9.025341569213197e-05,15574,6.755544018233195e-05,5642,6.619738996960223e-05,884,5.997707557980903e-05,29901,5.982563379802741e-05,5279,5.205877096159384e-05,2869,4.78947076771874e-05,4325,4.30952241003979e-05,29871,3.59694822691381e-05,263,2.7655456506181508e-05,856,2.5635308702476323e-05
12,0.1,True,577,0.140869140625,1512,12.8984375,3241,12.8046875,1360,-12.015625,3556,-11.96875,2660,-10.515625,2084,-10.3984375,2358,10.171875,3402,10.15625,1839,-9.3515625,2617,9.28125,3971,8.140625,2002,-8.109375,3591,7.9296875,3208,-7.59375,2021,-7.5859375,1415,7.12890625,2215,7.05859375,3700,7.0546875,787,6.8984375,1573,-6.7890625,3241,12.904687881469728,1512,12.8984375,1360,-12.115625381469728,3556,-12.068750381469728,2660,-10.615625381469728,2084,-10.498437881469728,3402,10.15625,2358,10.071874618530272,1839,-9.451562881469728,2617,9.181249618530272,3971,8.140625,2002,-8.109375,3591,7.9296875,2021,-7.685937404632568,3208,-7.493750095367432,1415,7.228906154632568,2215,7.05859375,3700,7.0546875,787,6.8984375,1573,-6.889062404632568,278,0.731712281703949,607,0.1517787277698516,22806,0.0978563725948333,1546,0.0040420587174594,19429,0.0027446902822703,825,0.0014557060785591,14325,0.0012113751145079,4956,0.0007522962405346,29973,0.0007283325539901,29901,0.0006415134994313,379,0.0005577118135988,12217,0.0005446106079034,7551,0.0005125006427988,445,0.0004330790543463,11563,0.0003493774565868,8449,0.000309396389639,263,0.000292999058729,19663,0.0002414768969174,856,0.0002303046203451,29889,0.0001618463284103,607,0.3956215381622314,278,0.3946929574012756,22806,0.1864262521266937,1546,0.0050344350747764,19429,0.0039998237043619,14325,0.0015859224367886,825,0.001558807096444,4956,0.0009039243450388,29973,0.000806454278063,12217,0.0007514901226386,8449,0.0007177494117058,29901,0.0006455849506892,7551,0.0006360818515531,379,0.0005228041554801,11563,0.000422011129558,445,0.000413479458075,19663,0.000349219830241,856,0.0002411820314591,263,0.0002265587536385,14693,0.0001698847918305
13,0.1,True,1148,0.2802734375,1512,13.359375,3556,9.890625,317,-9.625,1573,7.85546875,787,-7.484375,3700,7.34375,74,-7.2421875,1176,7.1796875,2891,-6.82421875,1927,-6.75390625,269,6.515625,3800,-6.49609375,2357,6.3515625,2425,-6.296875,2169,-6.296875,692,-6.2734375,994,-6.1875,3224,-6.1484375,1740,6.11328125,2660,-6.03125,1512,13.359375,3556,9.990625381469728,317,-9.625,1573,7.955468654632568,787,-7.584374904632568,1176,7.279687404632568,3700,7.243750095367432,74,-7.2421875,2891,-6.924218654632568,1927,-6.853906154632568,269,6.515625,3800,-6.49609375,2357,6.3515625,2169,-6.296875,2425,-6.296875,692,-6.2734375,3224,-6.1484375,1740,6.11328125,994,-6.087500095367432,2660,-6.03125,9428,0.8650976419448853,451,0.0343238748610019,263,0.0217429921030998,9630,0.0128631331026554,6345,0.0114213144406676,29901,0.0055832639336586,13,0.0039600674062967,385,0.0028689899481832,10914,0.0025516205932945,856,0.0025199025403708,5569,0.0019356579286977,6290,0.0015943682519719,11423,0.0009960503084585,10545,0.0009141761693172,12874,0.0008317360188812,2183,0.0008002916583791,7801,0.0006889056530781,1058,0.0006641374202445,278,0.0006203342345543,29892,0.0006092734984122,451,0.2806248962879181,9428,0.2800928354263305,263,0.129972219467163,6345,0.0474158264696598,9630,0.0411898866295814,29901,0.0290993228554725,13,0.0233747400343418,385,0.015059114433825,856,0.0120372427627444,10914,0.0081835016608238,6290,0.0057492312043905,5569,0.0057201194576919,29892,0.0035614136140793,11423,0.0031789836939424,278,0.0031638913787901,10545,0.0030907299369573,2183,0.0030516730621457,1058,0.0027306305710226,12874,0.0023306880611926,697,0.0022047916427254
14,0.1,True,503,0.122802734375,1512,41.25,2660,-17.9375,1839,-17.3125,2084,-17.0,3556,-15.3984375,3241,15.125,1360,-14.4140625,2002,-12.484375,1573,-12.125,3402,10.1171875,149,9.84375,2021,-9.59375,470,9.5703125,2611,-9.328125,2209,-9.0,1640,-8.96875,3208,-8.4453125,3142,8.2265625,1415,7.73046875,3826,7.375,1512,41.25,2660,-17.9375,1839,-17.412500381469727,2084,-17.100000381469727,3556,-15.498437881469728,3241,15.225000381469728,1360,-14.514062881469728,2002,-12.484375,1573,-12.225000381469728,3402,10.217187881469728,149,9.943750381469728,2021,-9.693750381469728,470,9.670312881469728,2611,-9.428125381469728,2209,-9.0,1640,-8.96875,3208,-8.4453125,3142,8.2265625,1415,7.73046875,3826,7.375,316,0.7526206374168396,897,0.2103116065263748,376,0.0076610166579484,1346,0.0058985650539398,278,0.0051057320088148,2772,0.0012920139124616,313,0.0010703573934733,360,0.0009464121540077,25348,0.0008268620586022,29901,0.0006913304096087,525,0.0005299153854139,1938,0.000446736376034,29892,0.0004106945416424,263,0.0003765888686757,437,0.0003526824293658,5129,0.0003299447416793,311,0.0003041049058083,5012,0.0002927048190031,2726,0.0002884181740228,319,0.0002853158221114,897,0.4760642349720001,316,0.4756358563899994,376,0.0094926469027996,1346,0.0075275935232639,278,0.0063907732255756,2772,0.0023865501862019,360,0.0012511588865891,313,0.0012196480529382,25348,0.0011065283324569,29901,0.0008412389433942,525,0.0006739178788848,1938,0.0006367220776155,29892,0.0004641130799427,263,0.0004480245115701,2726,0.0004444778023753,437,0.0004339173610787,5129,0.0004315572150517,5012,0.0004290371725801,311,0.0003858545969706,785,0.0003590011619962
15,0.1,False,4096,1.0,1360,-15.8671875,2660,-11.828125,3241,11.6953125,2084,-9.171875,1927,-9.015625,269,8.3984375,392,8.140625,3830,8.0390625,1839,-7.9453125,3971,7.890625,2358,7.58203125,2533,7.25,3494,-6.8984375,3582,-6.7109375,2021,-6.703125,1415,6.4453125,486,-6.41015625,3263,-6.22265625,590,-6.16796875,3967,-6.1484375,1360,-15.967187881469728,2660,-11.928125381469728,3241,11.795312881469728,2084,-9.271875381469728,1927,-9.115625381469728,269,8.298437118530273,3830,8.139062881469727,1839,-8.045312881469727,392,8.040624618530273,3971,7.990624904632568,2358,7.482031345367432,2533,7.349999904632568,3494,-6.998437404632568,3582,-6.810937404632568,2021,-6.803124904632568,1415,6.545312404632568,3263,-6.322656154632568,486,-6.310156345367432,3967,-6.248437404632568,2977,-6.084374904632568,278,0.9917932152748108,29901,0.0009010271169245,451,0.0008158271666616,2000,0.0006078685983084,29973,0.0004907599650323,2998,0.0004481752694118,263,0.0003302542027086,884,0.0003270750166848,10664,0.0002678625460248,10423,0.0002535363018978,13,0.0002150505897589,3271,0.0001622523996047,856,0.0001602492848178,903,0.0001511588634457,14328,0.0001173055206891,5642,9.97097376966849e-05,29892,9.662475349614395e-05,2869,7.572369213448837e-05,5982,7.16571812517941e-05,13112,6.059923543944024e-05,278,0.7930832505226135,29901,0.0314098857343196,2000,0.0220423210412263,451,0.0159034002572298,2998,0.014230016618967,29973,0.0131461014971137,10423,0.0088699720799922,10664,0.0082143358886241,884,0.0065839826129376,3271,0.0037389143835753,14328,0.0037175279576331,856,0.0035281705204397,903,0.0031218712683767,13,0.0028046711813658,5642,0.0026253163814544,2869,0.0020426902920007,13112,0.0019591080490499,5982,0.0019213618943467,4257,0.0015156104927882,263,0.0014566589379683
16,0.1,True,717,0.175048828125,1512,29.5,392,11.171875,3402,8.9140625,1927,-8.90625,2042,-8.53125,2533,-7.92578125,2358,7.5390625,3971,7.3203125,269,7.140625,2573,6.36328125,2002,6.33203125,1573,6.14453125,514,-6.1328125,933,6.0546875,2184,-5.9921875,57,-5.6953125,45,5.62890625,20,5.5859375,511,-5.359375,2624,-5.35546875,1512,29.5,392,11.171875,1927,-9.006250381469727,3402,8.814062118530273,2042,-8.53125,2533,-8.025781631469727,2358,7.5390625,269,7.240624904632568,3971,7.220312595367432,2573,6.36328125,2002,6.33203125,1573,6.244531154632568,514,-6.1328125,933,6.0546875,2184,-5.9921875,57,-5.6953125,45,5.62890625,20,5.5859375,511,-5.359375,2624,-5.35546875,29389,0.9036428928375244,2000,0.0524729676544666,2998,0.0054452503100037,9548,0.0043988237157464,29901,0.0033681115601211,856,0.0032909179572016,16852,0.0030369095038622,451,0.0028140794020146,2869,0.0020003453828394,13,0.0016764835454523,263,0.0016132381279021,4702,0.0015448526246473,278,0.0012320245150476,1019,0.0009863709565252,903,0.0009261087980121,4257,0.0008684750646352,29892,0.0006323318229988,22444,0.0005228350055404,11563,0.0005195257253944,6200,0.0003832328366115,2000,0.4255836009979248,29389,0.4248633980751037,2998,0.0218729600310325,29901,0.0132232699543237,856,0.0120358606800436,9548,0.0117056304588913,451,0.0108085870742797,13,0.0069709718227386,2869,0.0069062365218997,16852,0.0067121968604624,263,0.0062428656965494,278,0.004590745549649,4257,0.0035354432184249,1019,0.0034095032606273,903,0.0033680112101137,4702,0.0030573201365768,29892,0.0025720014236867,22444,0.0016720267012715,313,0.0015075281262397,11563,0.0014657588908448
17,0.1,True,71,0.017333984375,1512,49.375,2002,9.7421875,3591,8.6015625,3700,7.9765625,1176,6.890625,3402,6.79296875,2042,-6.6875,3391,-6.546875,2084,6.53125,112,5.953125,2281,-5.93359375,286,5.4921875,1573,5.40234375,3937,-5.31640625,41,-5.265625,3448,5.2578125,235,5.11328125,171,4.9453125,2497,-4.8203125,1604,4.79296875,1512,49.375,2002,9.7421875,3591,8.6015625,3700,7.9765625,1176,6.890625,3402,6.79296875,2042,-6.6875,2084,6.631249904632568,3391,-6.546875,112,5.953125,2281,-5.93359375,1573,5.502343654632568,286,5.4921875,3937,-5.31640625,41,-5.265625,3448,5.2578125,235,5.11328125,171,4.9453125,2497,-4.8203125,1604,4.79296875,28156,0.2508898675441742,6290,0.1693635880947113,5208,0.0760518461465835,29901,0.0708663538098335,856,0.0504987016320228,13,0.0501918047666549,263,0.0465317890048027,10537,0.0259983707219362,385,0.0220610816031694,903,0.0191704351454973,29973,0.0170170255005359,278,0.0161935929208993,19017,0.013411664403975,2023,0.0089967148378491,9638,0.0086856456473469,2595,0.0086187776178121,10255,0.0083383787423372,5332,0.0048588700592517,334,0.0046809678897261,4824,0.0044511831365525,6290,0.1998791098594665,28156,0.19967982172966,5208,0.0778900682926178,29901,0.0767109468579292,13,0.0555276125669479,856,0.0529536008834838,263,0.0497250035405159,10537,0.0248691998422145,385,0.0229149740189313,903,0.0200294032692909,29973,0.0179720073938369,278,0.0170768741518259,19017,0.012790803797543,2023,0.0093251587823033,2595,0.008619338274002,9638,0.0085092978551983,10255,0.0080287680029869,334,0.0048527955077588,5332,0.0047110822051763,4824,0.0044541056267917
18,0.1,True,125,0.030517578125,1512,15.28125,3402,9.6875,2660,-7.15625,2617,5.68359375,3366,5.671875,3208,-5.56640625,4053,5.1953125,3444,5.171875,2806,-4.953125,1870,-4.890625,794,-4.78515625,548,4.75390625,4009,-4.56640625,682,4.5625,2021,-4.5546875,3097,4.5390625,4076,-4.51171875,2042,-4.48828125,2364,4.48046875,1908,-4.47265625,1512,15.28125,3402,9.6875,2660,-7.056250095367432,2617,5.68359375,3366,5.671875,3208,-5.56640625,4053,5.1953125,3444,5.171875,2806,-4.953125,1870,-4.890625,794,-4.78515625,548,4.75390625,4009,-4.56640625,682,4.5625,2021,-4.5546875,3097,4.5390625,3241,4.514062404632568,4076,-4.51171875,2042,-4.48828125,2364,4.48046875,607,0.5526973605155945,16078,0.2700221240520477,29901,0.0884298086166381,4275,0.0378956757485866,825,0.0184318926185369,278,0.0166841261088848,903,0.0094017433002591,16631,0.0010855040745809,14183,0.0005643704207614,13,0.0004740407457575,891,0.0003034465189557,856,0.0002977005497086,584,0.0002218096342403,302,0.0002135314280167,813,0.0001647728204261,4644,0.0001640421833144,7652,0.0001440599298803,3579,0.0001147145812865,29892,0.0001128220901591,448,0.0001000992560875,16078,0.4107653796672821,607,0.4102000892162323,29901,0.0858439803123474,4275,0.0421605631709098,825,0.0183827169239521,278,0.0160627849400043,903,0.0097989933565258,16631,0.0012383797438815,14183,0.0006148305837996,13,0.0004503871023189,891,0.0003161817439831,856,0.0002867657749447,584,0.0002250813704449,302,0.0002182697644457,4644,0.0001764771004673,813,0.0001693984522717,7652,0.0001595563662704,3579,0.0001226676686201,29892,0.0001058377456502,448,9.649989806348458e-05
19,0.1,False,4096,1.0,392,14.109375,2084,-13.21875,1512,12.296875,3241,11.6796875,3971,10.4921875,3402,10.2734375,3830,10.046875,1003,-9.96875,1927,-9.75,2357,-9.59375,3170,9.0703125,4076,-9.0625,2660,-8.875,1176,-8.859375,2617,8.78125,1360,-8.7578125,2298,8.734375,2330,8.6484375,787,8.4609375,514,-8.1328125,392,14.009374618530272,2084,-13.318750381469728,1512,12.396875381469728,3241,11.779687881469728,3971,10.592187881469728,3402,10.373437881469728,3830,10.146875381469728,1003,-9.868749618530272,1927,-9.649999618530272,2357,-9.493749618530272,3170,9.170312881469728,4076,-9.162500381469728,2660,-8.975000381469727,1176,-8.959375381469727,1360,-8.857812881469727,2298,8.834375381469727,2617,8.681249618530273,787,8.560937881469727,2330,8.548437118530273,3700,8.060937881469727,29871,0.9061866402626038,395,0.0178594589233398,14235,0.01649796590209,263,0.0110577093437314,278,0.0044644260779023,472,0.0039273425936698,3342,0.0036114531103521,1048,0.0031655470374971,903,0.0022038421593606,2820,0.001823813188821,29901,0.001670803874731,10087,0.0013068644329905,30081,0.0010793942492455,3889,0.001025048084557,12234,0.0008337341132573,259,0.0007945484830997,385,0.0006287721917033,825,0.0005356572801247,313,0.0005325786187313,451,0.0004997405339963,29871,0.295007050037384,395,0.2335737347602844,14235,0.1848012953996658,3342,0.0326614193618297,263,0.0204553734511137,1048,0.0144950337707996,10087,0.0117677245289087,278,0.0099838329479098,2820,0.0099837575107812,903,0.0085594458505511,472,0.0079408967867493,30081,0.0075176376849412,12234,0.0070969914086163,3889,0.0058347205631434,3721,0.0036092489026486,6719,0.0036031065974384,20928,0.0034217203501611,14278,0.0030844321008771,5224,0.0029439236968755,779,0.0028396290726959
20,0.1,True,1147,0.280029296875,1839,-15.2421875,2660,-14.5625,1360,-13.8984375,3241,13.109375,392,12.328125,2084,-10.2578125,3830,10.0390625,269,8.921875,3402,8.6875,787,8.4453125,1573,-8.390625,1512,8.046875,2604,-7.73828125,3971,6.9453125,2281,-6.8828125,1888,-6.796875,3561,-6.7734375,1825,6.62109375,3037,6.5546875,220,6.43359375,1839,-15.142187118530272,2660,-14.462499618530272,1360,-13.798437118530272,3241,13.009374618530272,392,12.328125,2084,-10.157812118530272,3830,10.0390625,269,8.821874618530273,3402,8.787500381469727,787,8.345312118530273,1573,-8.290624618530273,1512,8.046875,2604,-7.838281154632568,3971,6.9453125,2281,-6.8828125,1888,-6.796875,3561,-6.7734375,3037,6.5546875,1825,6.521093845367432,220,6.43359375,21767,0.949442982673645,903,0.017627390101552,405,0.0066426331177353,29901,0.0055506518110632,288,0.0054809330031275,13,0.0046857348643243,856,0.0018978141015395,451,0.0017101572593674,2869,0.0012620242778211,29973,0.0007443089270964,825,0.0003969004319515,26129,0.000379247998353,313,0.0002714395814109,22004,0.0002014923957176,263,0.000166302837897,29871,0.0001610221370356,1852,0.0001581032847752,29889,0.0001361992181045,7652,0.0001342962495982,14365,0.000125751728774,903,0.3833182156085968,21767,0.3831880986690521,29901,0.044940672814846,13,0.043426264077425,405,0.0413964726030826,288,0.0401763655245304,856,0.0144594497978687,451,0.0104009639471769,2869,0.0062792305834591,29973,0.0051929466426372,313,0.0023537864908576,825,0.0021430857013911,29871,0.0015281030209735,263,0.0012164210202172,29889,0.001115933409892,7652,0.0008854826446622,14365,0.0007795152487233,4770,0.0007483553490601,1852,0.0007341979653574,22004,0.0006512131658382
21,0.1,True,2702,0.65966796875,1512,63.625,1360,-17.953125,2660,-16.828125,3402,12.609375,3241,11.765625,3700,11.7421875,3556,-11.6015625,1839,-11.5703125,269,11.296875,1335,-10.390625,2215,10.078125,4053,9.8359375,787,9.453125,3839,-9.3515625,2611,-8.6171875,3591,8.546875,1,-8.015625,3224,-7.99609375,2357,7.890625,1745,-7.6640625,1512,63.72499847412109,1360,-17.853124618530273,2660,-16.728124618530273,3402,12.509374618530272,3241,11.665624618530272,3700,11.642187118530272,3556,-11.501562118530272,1839,-11.470312118530272,269,11.396875381469728,1335,-10.290624618530272,2215,9.978124618530272,4053,9.935937881469728,787,9.353124618530272,3839,-9.251562118530272,3591,8.646875381469727,2611,-8.6171875,1,-8.115625381469727,3224,-7.99609375,2357,7.790625095367432,1745,-7.764062404632568,10255,0.9769040942192078,278,0.0096334563568234,29901,0.0021849768236279,10545,0.0015869189519435,385,0.0013761526206508,263,0.0012159048346802,697,0.0004524767864495,1146,0.0003306765283923,29420,0.0003064062038902,7664,0.0003018946736119,12255,0.0003003989695571,5642,0.0002966535103041,13,0.0002773806918412,16866,0.0002301780768902,27263,0.000220640329644,8564,0.0002190368977608,26921,0.0002130781504092,856,0.000212432918488,607,0.0001926976983668,22533,0.0001620543189346,278,0.3815921545028686,10255,0.3815179169178009,29901,0.0504220463335514,263,0.0370159298181533,385,0.0348193421959877,10545,0.0194095689803361,697,0.0095427017658948,13,0.0071030538529157,856,0.0040620076470077,1146,0.0039522424340248,5642,0.0039452570490539,7664,0.0039040073752403,607,0.0033570823725312,29420,0.0030936507973819,445,0.0030281369108706,29973,0.0026536376681178,8564,0.0026161218993365,16866,0.0025580578949302,12255,0.002468631369993,2023,0.0023209496866911
22,0.1,False,4096,1.0,1360,-16.671875,3241,14.921875,2084,-13.6328125,2660,-13.375,2358,10.515625,2002,-10.359375,1176,-10.28125,3684,-10.2109375,2021,-10.078125,392,9.578125,1839,-9.2265625,4076,-8.546875,3971,8.0625,3700,7.828125,269,7.69140625,787,7.6171875,3582,-7.23046875,3402,6.96875,1681,-6.921875,191,6.8984375,1360,-16.771875381469727,3241,15.021875381469728,2084,-13.732812881469728,2660,-13.475000381469728,2002,-10.459375381469728,2358,10.415624618530272,1176,-10.381250381469728,3684,-10.310937881469728,2021,-10.178125381469728,392,9.678125381469728,1839,-9.326562881469728,4076,-8.446874618530273,3971,8.162500381469727,3700,7.728125095367432,787,7.717187404632568,269,7.591406345367432,3582,-7.330468654632568,1681,-7.021874904632568,3402,6.868750095367432,191,6.798437595367432,278,0.9685146808624268,451,0.0052483659237623,884,0.0025134955067187,29973,0.0021059506107121,2869,0.0020871183369308,263,0.0016150886658579,29901,0.0009034615359269,5545,0.0008427670691162,491,0.0008397633209824,5982,0.0008165334002114,856,0.0007964865653775,29892,0.000644298212137,6200,0.0005845013656653,29871,0.0005627655191347,13,0.0004149580199737,13112,0.0003869291685987,297,0.0003788898175116,16631,0.0003468946379143,5279,0.0002983377198688,2845,0.0002575992548372,278,0.5778362154960632,451,0.1119283214211463,2869,0.0403790920972824,884,0.0351951643824577,29973,0.0259005259722471,5982,0.012861811555922,5545,0.0119010740891098,6200,0.0101795857772231,29901,0.0087181786075234,856,0.0081563144922256,491,0.0072227870114147,13112,0.0066231237724423,16631,0.0047011673450469,263,0.0046552815474569,29892,0.0045229960232973,5279,0.004102574661374,29871,0.0035619386471807,6892,0.0033118256833404,5642,0.0028699317481368,13,0.0027059195563197
23,0.1,True,513,0.125244140625,1512,31.484375,1360,-8.65625,2660,-8.625,269,8.296875,2002,-8.1328125,2004,7.421875,1927,-6.8125,1839,-6.515625,3700,-6.48046875,2404,-6.28125,704,6.2734375,3554,-6.15625,1176,-5.97265625,3241,5.79296875,1312,5.78125,3666,-5.72265625,2281,-5.62890625,4000,-5.625,3195,5.546875,1583,-5.51171875,1512,31.484375,1360,-8.756250381469727,2660,-8.725000381469727,269,8.196874618530273,2002,-8.1328125,2004,7.421875,1927,-6.8125,1839,-6.515625,3700,-6.48046875,704,6.373437404632568,2404,-6.28125,3554,-6.15625,1176,-5.97265625,3241,5.79296875,1312,5.78125,3666,-5.72265625,2281,-5.62890625,4000,-5.625,3195,5.546875,1583,-5.51171875,3144,0.7723700404167175,2894,0.0785801112651825,288,0.0404685586690902,26438,0.0322009027004241,5864,0.0193274058401584,29746,0.0162802599370479,22233,0.0076607512310147,263,0.0056890626437962,9687,0.0054565127938985,1559,0.0047832615673542,502,0.0031029756646603,2560,0.0017808271804824,13206,0.0013052987633273,8024,0.0011803023517131,22004,0.0010795166017487,278,0.000951213936787,825,0.0008217527647502,1023,0.0005219808081164,13,0.0003787288733292,330,0.0003570591798052,2894,0.3414074182510376,3144,0.3404989242553711,288,0.0889068245887756,26438,0.0677188485860824,5864,0.0427311286330223,29746,0.0353733636438846,22233,0.0165549237281084,263,0.0111619960516691,9687,0.011106270365417,1559,0.0098035028204321,502,0.0065969424322247,2560,0.0036195798311382,13206,0.0027890061028301,8024,0.0024288985878229,22004,0.0022220676764845,278,0.0018975598504766,825,0.0016972461016848,1023,0.0010718054836615,13,0.0007267894106917,330,0.0006650417344644
24,0.1,False,4096,1.0,3241,9.671875,3402,7.3671875,2368,-6.6796875,2660,-6.6015625,392,6.5078125,3556,-6.0625,1076,-6.046875,787,5.9296875,1465,5.6171875,1839,-5.56640625,3837,5.4453125,531,-5.40625,1830,5.32421875,2643,-5.21875,1314,-5.203125,3565,5.10546875,1927,-5.1015625,45,5.0859375,3432,5.07421875,970,-5.06640625,3241,9.771875381469728,3402,7.467187404632568,2368,-6.779687404632568,2660,-6.501562595367432,392,6.407812595367432,3556,-6.162499904632568,1076,-6.146874904632568,787,6.029687404632568,3837,5.545312404632568,1465,5.517187595367432,1839,-5.466406345367432,531,-5.306250095367432,1830,5.224218845367432,45,5.185937404632568,1145,5.146874904632568,2643,-5.118750095367432,1314,-5.103125095367432,2121,-5.021874904632568,3565,5.005468845367432,1927,-5.001562595367432,409,0.9991152882575988,922,0.0006871177465654,1737,0.0001055289976648,344,1.744856490404345e-05,8437,1.554244772705715e-05,15509,1.2619313565664925e-05,376,8.616620107204653e-06,269,6.711423793603899e-06,2008,6.378990747180069e-06,452,3.005028929692344e-06,1346,2.399604682068457e-06,7019,1.543687858429621e-06,1586,1.216310920426622e-06,525,1.1914028164028425e-06,11563,1.0474560667717014e-06,29901,1.0150909020012475e-06,13,7.933593337838829e-07,5129,6.870394031466276e-07,1879,6.494679496427125e-07,903,5.481135190166242e-07,409,0.7299957275390625,922,0.2620164155960083,1737,0.0043462803587317,2008,0.0008423077524639,8437,0.0005785294342786,15509,0.0004872430872637,376,0.0003231790033169,344,0.0003069682279601,269,0.000201506743906,1346,9.206948016071692e-05,452,7.78184985392727e-05,525,5.035430149291642e-05,11563,4.589233867591247e-05,7019,4.424785220180638e-05,29901,4.0437789721181616e-05,1879,3.632904554251581e-05,13,2.726405546127353e-05,5129,2.6928746592602693e-05,903,2.151230182789732e-05,24919,2.1237034161458723e-05
25,0.1,True,1888,0.4609375,1512,46.1875,2660,-13.359375,1839,-11.265625,3402,10.703125,1360,-9.8515625,112,9.390625,4053,9.2109375,3800,-9.0234375,392,8.78125,3700,8.578125,269,8.171875,3241,7.26953125,3971,7.23046875,4076,-6.71484375,21,-6.65625,1803,-6.54296875,3839,-6.421875,1893,6.296875,1018,-6.27734375,590,-6.2578125,1512,46.28749847412109,2660,-13.259374618530272,1839,-11.165624618530272,3402,10.603124618530272,1360,-9.751562118530272,112,9.290624618530272,4053,9.110937118530272,3800,-9.0234375,392,8.681249618530273,3700,8.478124618530273,269,8.171875,3971,7.23046875,3241,7.169531345367432,4076,-6.614843845367432,21,-6.556250095367432,1803,-6.54296875,590,-6.357812404632568,3839,-6.321875095367432,1018,-6.27734375,1893,6.196875095367432,29334,0.9105620980262756,2155,0.0139086255803704,13,0.0108407093212008,903,0.0093393772840499,2448,0.0067598856985569,856,0.0058992491103708,24206,0.0049346182495355,263,0.0040976349264383,451,0.0038805026561021,3082,0.0030192404519766,29973,0.0024339440278708,29901,0.0019275981467217,350,0.0017407923005521,1058,0.0015075664268806,385,0.0014427463756874,29132,0.0013615299249067,278,0.0010982222156599,29892,0.0009140356560237,2023,0.0008533783839084,20861,0.0006339484243653,2155,0.2102536112070083,29334,0.2100666165351867,13,0.1295045912265777,903,0.0920153707265853,856,0.0518916510045528,263,0.0394211038947105,451,0.027854885905981,2448,0.0254791118204593,24206,0.0197280887514352,29973,0.0180881693959236,3082,0.0179004333913326,29901,0.01564103923738,350,0.0150238331407308,385,0.0110067864879965,29892,0.0094269569963216,1058,0.0091754989698529,278,0.0088073359802365,2023,0.0063985153101384,29132,0.0053936010226607,29889,0.0050996919162571
