rank,input_1_z_idx,input_1_z,input_1_perturbed_z_idx,input_1_perturbed_z,input_1_orig_prob_idx,input_1_orig_prob,input_1_perturbed_prob_idx,input_1_perturbed_prob,input_2_z_idx,input_2_z,input_2_perturbed_z_idx,input_2_perturbed_z,input_2_orig_prob_idx,input_2_orig_prob,input_2_perturbed_prob_idx,input_2_perturbed_prob,input_3_z_idx,input_3_z,input_3_perturbed_z_idx,input_3_perturbed_z,input_3_orig_prob_idx,input_3_orig_prob,input_3_perturbed_prob_idx,input_3_perturbed_prob,input_4_z_idx,input_4_z,input_4_perturbed_z_idx,input_4_perturbed_z,input_4_orig_prob_idx,input_4_orig_prob,input_4_perturbed_prob_idx,input_4_perturbed_prob,input_5_z_idx,input_5_z,input_5_perturbed_z_idx,input_5_perturbed_z,input_5_orig_prob_idx,input_5_orig_prob,input_5_perturbed_prob_idx,input_5_perturbed_prob,input_6_z_idx,input_6_z,input_6_perturbed_z_idx,input_6_perturbed_z,input_6_orig_prob_idx,input_6_orig_prob,input_6_perturbed_prob_idx,input_6_perturbed_prob,input_7_z_idx,input_7_z,input_7_perturbed_z_idx,input_7_perturbed_z,input_7_orig_prob_idx,input_7_orig_prob,input_7_perturbed_prob_idx,input_7_perturbed_prob,input_8_z_idx,input_8_z,input_8_perturbed_z_idx,input_8_perturbed_z,input_8_orig_prob_idx,input_8_orig_prob,input_8_perturbed_prob_idx,input_8_perturbed_prob,input_9_z_idx,input_9_z,input_9_perturbed_z_idx,input_9_perturbed_z,input_9_orig_prob_idx,input_9_orig_prob,input_9_perturbed_prob_idx,input_9_perturbed_prob,input_10_z_idx,input_10_z,input_10_perturbed_z_idx,input_10_perturbed_z,input_10_orig_prob_idx,input_10_orig_prob,input_10_perturbed_prob_idx,input_10_perturbed_prob,input_11_z_idx,input_11_z,input_11_perturbed_z_idx,input_11_perturbed_z,input_11_orig_prob_idx,input_11_orig_prob,input_11_perturbed_prob_idx,input_11_perturbed_prob,input_12_z_idx,input_12_z,input_12_perturbed_z_idx,input_12_perturbed_z,input_12_orig_prob_idx,input_12_orig_prob,input_12_perturbed_prob_idx,input_12_perturbed_prob,input_13_z_idx,input_13_z,input_13_perturbed_z_idx,input_13_perturbed_z,input_13_orig_prob_idx,input_13_orig_prob,input_13_perturbed_prob_idx,input_13_perturbed_prob,input_14_z_idx,input_14_z,input_14_perturbed_z_idx,input_14_perturbed_z,input_14_orig_prob_idx,input_14_orig_prob,input_14_perturbed_prob_idx,input_14_perturbed_prob,input_15_z_idx,input_15_z,input_15_perturbed_z_idx,input_15_perturbed_z,input_15_orig_prob_idx,input_15_orig_prob,input_15_perturbed_prob_idx,input_15_perturbed_prob,input_16_z_idx,input_16_z,input_16_perturbed_z_idx,input_16_perturbed_z,input_16_orig_prob_idx,input_16_orig_prob,input_16_perturbed_prob_idx,input_16_perturbed_prob,input_17_z_idx,input_17_z,input_17_perturbed_z_idx,input_17_perturbed_z,input_17_orig_prob_idx,input_17_orig_prob,input_17_perturbed_prob_idx,input_17_perturbed_prob,input_18_z_idx,input_18_z,input_18_perturbed_z_idx,input_18_perturbed_z,input_18_orig_prob_idx,input_18_orig_prob,input_18_perturbed_prob_idx,input_18_perturbed_prob,input_19_z_idx,input_19_z,input_19_perturbed_z_idx,input_19_perturbed_z,input_19_orig_prob_idx,input_19_orig_prob,input_19_perturbed_prob_idx,input_19_perturbed_prob,input_20_z_idx,input_20_z,input_20_perturbed_z_idx,input_20_perturbed_z,input_20_orig_prob_idx,input_20_orig_prob,input_20_perturbed_prob_idx,input_20_perturbed_prob,input_21_z_idx,input_21_z,input_21_perturbed_z_idx,input_21_perturbed_z,input_21_orig_prob_idx,input_21_orig_prob,input_21_perturbed_prob_idx,input_21_perturbed_prob,input_22_z_idx,input_22_z,input_22_perturbed_z_idx,input_22_perturbed_z,input_22_orig_prob_idx,input_22_orig_prob,input_22_perturbed_prob_idx,input_22_perturbed_prob,input_23_z_idx,input_23_z,input_23_perturbed_z_idx,input_23_perturbed_z,input_23_orig_prob_idx,input_23_orig_prob,input_23_perturbed_prob_idx,input_23_perturbed_prob,input_24_z_idx,input_24_z,input_24_perturbed_z_idx,input_24_perturbed_z,input_24_orig_prob_idx,input_24_orig_prob,input_24_perturbed_prob_idx,input_24_perturbed_prob,input_25_z_idx,input_25_z,input_25_perturbed_z_idx,input_25_perturbed_z,input_25_orig_prob_idx,input_25_orig_prob,input_25_perturbed_prob_idx,input_25_perturbed_prob
1,1512,39.65625,1512,39.65625,3681,0.8930634260177612,263,0.3315927386283874,1360,-17.75,1360,-17.850000381469727,278,0.9200286865234376,451,0.4169722199440002,3241,7.07421875,3241,7.174218654632568,278,0.7385081052780151,4266,0.389980137348175,392,10.03125,392,10.131250381469728,14235,0.4901208877563476,29871,0.4138162434101105,3241,16.75,3241,16.649999618530273,8407,0.9913066029548644,319,0.2605498433113098,3241,15.7734375,3241,15.7734375,29973,0.9062568545341492,297,0.3652292788028717,1512,23.875,1512,23.875,12566,0.5322706699371338,3013,0.4470432698726654,3241,16.21875,3241,16.21875,29973,0.9293559193611144,322,0.3723134696483612,3241,16.15625,3241,16.056249618530273,385,0.4756608307361603,278,0.377165675163269,2084,-15.40625,2084,-15.506250381469728,297,0.5087699294090271,376,0.243242934346199,3241,25.3125,3241,25.412500381469727,278,0.9111871123313904,2000,0.4119138717651367,1512,12.8984375,3241,12.904687881469728,278,0.731712281703949,607,0.3956215381622314,1512,13.359375,1512,13.359375,9428,0.8650976419448853,451,0.2806248962879181,1512,41.25,1512,41.25,316,0.7526206374168396,897,0.4760642349720001,1360,-15.8671875,1360,-15.967187881469728,278,0.9917932152748108,278,0.7930832505226135,1512,29.5,1512,29.5,29389,0.9036428928375244,2000,0.4255836009979248,1512,49.375,1512,49.375,28156,0.2508898675441742,6290,0.1998791098594665,1512,15.28125,1512,15.28125,607,0.5526973605155945,16078,0.4107653796672821,392,14.109375,392,14.009374618530272,29871,0.9061866402626038,29871,0.295007050037384,1839,-15.2421875,1839,-15.142187118530272,21767,0.949442982673645,903,0.3833182156085968,1512,63.625,1512,63.72499847412109,10255,0.9769040942192078,278,0.3815921545028686,1360,-16.671875,1360,-16.771875381469727,278,0.9685146808624268,278,0.5778362154960632,1512,31.484375,1512,31.484375,3144,0.7723700404167175,2894,0.3414074182510376,3241,9.671875,3241,9.771875381469728,409,0.9991152882575988,409,0.7299957275390625,1512,46.1875,1512,46.28749847412109,29334,0.9105620980262756,2155,0.2102536112070083
2,1927,-12.953125,1927,-13.053125381469728,263,0.0345411486923694,3681,0.3311291337013244,3241,16.859375,3241,16.959375381469727,451,0.0289103519171476,278,0.4164134860038757,1839,-6.3203125,1839,-6.420312404632568,4266,0.0972119346261024,278,0.3894724249839782,2298,9.96875,2298,9.96875,29871,0.3250536620616913,14235,0.4119443297386169,1360,-12.6640625,1360,-12.564062118530272,319,0.0015648604603484,8407,0.2601992189884186,787,14.3828125,787,14.482812881469728,297,0.0346381813287735,29973,0.3652020990848541,525,9.828125,525,9.828125,3013,0.3652229607105255,12566,0.4464314877986908,3556,-15.875,3556,-15.774999618530272,322,0.0234013553708791,29973,0.3716961741447449,2084,-13.984375,2084,-13.984375,278,0.2955840229988098,385,0.3769865930080414,3700,13.40625,3700,13.506250381469728,376,0.0856245830655098,297,0.2430196404457092,1360,-22.9375,1360,-23.037500381469727,2000,0.0449389517307281,278,0.411792904138565,3241,12.8046875,1512,12.8984375,607,0.1517787277698516,278,0.3946929574012756,3556,9.890625,3556,9.990625381469728,451,0.0343238748610019,9428,0.2800928354263305,2660,-17.9375,2660,-17.9375,897,0.2103116065263748,316,0.4756358563899994,2660,-11.828125,2660,-11.928125381469728,29901,0.0009010271169245,29901,0.0314098857343196,392,11.171875,392,11.171875,2000,0.0524729676544666,29389,0.4248633980751037,2002,9.7421875,2002,9.7421875,6290,0.1693635880947113,28156,0.19967982172966,3402,9.6875,3402,9.6875,16078,0.2700221240520477,607,0.4102000892162323,2084,-13.21875,2084,-13.318750381469728,395,0.0178594589233398,395,0.2335737347602844,2660,-14.5625,2660,-14.462499618530272,903,0.017627390101552,21767,0.3831880986690521,1360,-17.953125,1360,-17.853124618530273,278,0.0096334563568234,10255,0.3815179169178009,3241,14.921875,3241,15.021875381469728,451,0.0052483659237623,451,0.1119283214211463,1360,-8.65625,1360,-8.756250381469727,2894,0.0785801112651825,3144,0.3404989242553711,3402,7.3671875,3402,7.467187404632568,922,0.0006871177465654,922,0.2620164155960083,2660,-13.359375,2660,-13.259374618530272,2155,0.0139086255803704,29334,0.2100666165351867
3,392,11.890625,392,11.990625381469728,2998,0.0096845747902989,2998,0.047940969467163,2660,-14.5,2660,-14.600000381469728,263,0.0154372164979577,263,0.0302785634994506,2004,5.7109375,2004,5.810937404632568,1023,0.0498574972152709,1023,0.0681163370609283,3241,9.296875,3241,9.196874618530272,263,0.1194196492433548,263,0.1147181540727615,2617,9.25,2617,9.350000381469728,4059,0.001358552952297,29909,0.0921105667948722,1415,13.859375,1415,13.959375381469728,13,0.0223747584968805,13,0.1339749544858932,2118,7.9453125,2118,7.9453125,5557,0.0222409348934888,5557,0.0222519226372241,3444,15.21875,3444,15.21875,29892,0.0141633506864309,29892,0.0891300290822982,1360,-11.90625,1360,-12.006250381469728,263,0.0735138431191444,263,0.0757540836930275,2660,-13.0625,2660,-13.162500381469728,304,0.0519172474741935,304,0.058489866554737,1839,-15.25,1839,-15.350000381469728,2998,0.0353460609912872,2998,0.1611288189888,1360,-12.015625,1360,-12.115625381469728,22806,0.0978563725948333,22806,0.1864262521266937,317,-9.625,317,-9.625,263,0.0217429921030998,263,0.129972219467163,1839,-17.3125,1839,-17.412500381469727,376,0.0076610166579484,376,0.0094926469027996,3241,11.6953125,3241,11.795312881469728,451,0.0008158271666616,2000,0.0220423210412263,3402,8.9140625,1927,-9.006250381469727,2998,0.0054452503100037,2998,0.0218729600310325,3591,8.6015625,3591,8.6015625,5208,0.0760518461465835,5208,0.0778900682926178,2660,-7.15625,2660,-7.056250095367432,29901,0.0884298086166381,29901,0.0858439803123474,1512,12.296875,1512,12.396875381469728,14235,0.01649796590209,14235,0.1848012953996658,1360,-13.8984375,1360,-13.798437118530272,405,0.0066426331177353,29901,0.044940672814846,2660,-16.828125,2660,-16.728124618530273,29901,0.0021849768236279,29901,0.0504220463335514,2084,-13.6328125,2084,-13.732812881469728,884,0.0025134955067187,2869,0.0403790920972824,2660,-8.625,2660,-8.725000381469727,288,0.0404685586690902,288,0.0889068245887756,2368,-6.6796875,2368,-6.779687404632568,1737,0.0001055289976648,1737,0.0043462803587317,1839,-11.265625,1839,-11.165624618530272,13,0.0108407093212008,13,0.1295045912265777
4,3971,11.78125,3971,11.681249618530272,5982,0.0070159481838345,5982,0.0302106551826,3684,-10.6796875,3684,-10.779687881469728,856,0.0028025298379361,856,0.0104122683405876,1176,-5.60546875,1176,-5.705468654632568,8024,0.0143962819129228,8024,0.0230438653379678,3402,8.890625,3402,8.790624618530273,1048,0.0150141548365354,1048,0.013734214939177,269,9.09375,269,9.09375,29909,0.0009897861164063,4059,0.0879632979631424,2611,-13.453125,2611,-13.353124618530272,29892,0.0105454875156283,29892,0.043646965175867,2617,-7.703125,2617,-7.803124904632568,1371,0.0116775743663311,1371,0.0122246472164988,2084,-14.078125,2084,-13.978124618530272,297,0.0073246215470135,297,0.0510556362569332,392,11.046875,392,11.046875,29901,0.0369576774537563,29901,0.0400641821324825,1176,-11.6875,1176,-11.6875,29892,0.0406078994274139,29892,0.042296178638935,2084,-14.8359375,2084,-14.935937881469728,612,0.0036841940600425,10369,0.0067358841188251,3556,-11.96875,3556,-12.068750381469728,1546,0.0040420587174594,1546,0.0050344350747764,1573,7.85546875,1573,7.955468654632568,9630,0.0128631331026554,6345,0.0474158264696598,2084,-17.0,2084,-17.100000381469727,1346,0.0058985650539398,1346,0.0075275935232639,2084,-9.171875,2084,-9.271875381469728,2000,0.0006078685983084,451,0.0159034002572298,1927,-8.90625,3402,8.814062118530273,9548,0.0043988237157464,29901,0.0132232699543237,3700,7.9765625,3700,7.9765625,29901,0.0708663538098335,29901,0.0767109468579292,2617,5.68359375,2617,5.68359375,4275,0.0378956757485866,4275,0.0421605631709098,3241,11.6796875,3241,11.779687881469728,263,0.0110577093437314,3342,0.0326614193618297,3241,13.109375,3241,13.009374618530272,29901,0.0055506518110632,13,0.043426264077425,3402,12.609375,3402,12.509374618530272,10545,0.0015869189519435,263,0.0370159298181533,2660,-13.375,2660,-13.475000381469728,29973,0.0021059506107121,884,0.0351951643824577,269,8.296875,269,8.196874618530273,26438,0.0322009027004241,26438,0.0677188485860824,2660,-6.6015625,2660,-6.501562595367432,344,1.744856490404345e-05,2008,0.0008423077524639,3402,10.703125,3402,10.603124618530272,903,0.0093393772840499,903,0.0920153707265853
5,269,10.546875,269,10.646875381469728,2000,0.0055358251556754,278,0.0294873919337987,1176,-9.9375,1176,-9.9375,385,0.0025782042648643,5642,0.0078721418976783,3727,5.51171875,3727,5.51171875,607,0.0134501224383711,18577,0.0218800641596317,1512,8.71875,1512,8.71875,3342,0.0117524666711688,3342,0.0104032885283231,3556,-8.28125,3556,-8.181249618530273,3763,0.0006912351818755,13,0.0782689377665519,1839,-13.0546875,1839,-12.954687118530272,322,0.0048432946205139,322,0.0249190293252468,3967,-7.359375,3967,-7.359375,367,0.0112446174025535,367,0.0119870929047465,1360,-13.203125,1360,-13.103124618530272,13,0.0058673862367868,13,0.0330033786594867,2660,-10.6640625,2660,-10.6640625,2000,0.0238048713654279,2000,0.026042602956295,3971,11.4921875,3971,11.592187881469728,2645,0.0289872195571661,1346,0.0414396673440933,2660,-14.3828125,2660,-14.482812881469728,10369,0.0032887619454413,612,0.0053114355541765,2660,-10.515625,2660,-10.615625381469728,19429,0.0027446902822703,19429,0.0039998237043619,787,-7.484375,787,-7.584374904632568,6345,0.0114213144406676,9630,0.0411898866295814,3556,-15.3984375,3556,-15.498437881469728,278,0.0051057320088148,278,0.0063907732255756,1927,-9.015625,1927,-9.115625381469728,29973,0.0004907599650323,2998,0.014230016618967,2042,-8.53125,2042,-8.53125,29901,0.0033681115601211,856,0.0120358606800436,1176,6.890625,1176,6.890625,856,0.0504987016320228,13,0.0555276125669479,3366,5.671875,3366,5.671875,825,0.0184318926185369,825,0.0183827169239521,3971,10.4921875,3971,10.592187881469728,278,0.0044644260779023,263,0.0204553734511137,392,12.328125,392,12.328125,288,0.0054809330031275,405,0.0413964726030826,3241,11.765625,3241,11.665624618530272,385,0.0013761526206508,385,0.0348193421959877,2358,10.515625,2002,-10.459375381469728,2869,0.0020871183369308,29973,0.0259005259722471,2002,-8.1328125,2002,-8.1328125,5864,0.0193274058401584,5864,0.0427311286330223,392,6.5078125,392,6.407812595367432,8437,1.554244772705715e-05,8437,0.0005785294342786,1360,-9.8515625,1360,-9.751562118530272,2448,0.0067598856985569,856,0.0518916510045528
6,2660,-9.609375,2660,-9.709375381469728,278,0.0042777340859174,2000,0.0254423711448907,3830,9.84375,3830,9.84375,29892,0.002198300557211,2869,0.0074478224851191,2575,5.2734375,2575,5.2734375,18577,0.012739835307002,607,0.0151754179969429,514,-8.3515625,514,-8.3515625,395,0.0073282932862639,395,0.0069966441951692,3402,8.03125,3839,7.990624904632568,13,0.0005851472960785,3763,0.0451442785561084,2084,-13.0078125,2084,-12.907812118530272,1577,0.0035753992851823,29889,0.0078549291938543,392,7.296875,392,7.296875,2761,0.0087989810854196,2761,0.009252656251192,1839,-13.015625,1839,-12.915624618530272,373,0.0036771057639271,373,0.0218633022159338,3971,9.453125,3971,9.353124618530272,2998,0.01902487128973,2998,0.0213515926152467,3444,10.296875,3444,10.296875,1546,0.023420987650752,2645,0.0374431870877742,392,14.1875,392,14.1875,343,0.0003857070114463,4257,0.0007656410452909,2084,-10.3984375,2084,-10.498437881469728,825,0.0014557060785591,14325,0.0015859224367886,3700,7.34375,1176,7.279687404632568,29901,0.0055832639336586,29901,0.0290993228554725,3241,15.125,3241,15.225000381469728,2772,0.0012920139124616,2772,0.0023865501862019,269,8.3984375,269,8.298437118530273,2998,0.0004481752694118,29973,0.0131461014971137,2533,-7.92578125,2533,-8.025781631469727,856,0.0032909179572016,9548,0.0117056304588913,3402,6.79296875,3402,6.79296875,13,0.0501918047666549,856,0.0529536008834838,3208,-5.56640625,3208,-5.56640625,278,0.0166841261088848,278,0.0160627849400043,3402,10.2734375,3402,10.373437881469728,472,0.0039273425936698,1048,0.0144950337707996,2084,-10.2578125,2084,-10.157812118530272,13,0.0046857348643243,288,0.0401763655245304,3700,11.7421875,3700,11.642187118530272,263,0.0012159048346802,10545,0.0194095689803361,2002,-10.359375,2358,10.415624618530272,263,0.0016150886658579,5982,0.012861811555922,2004,7.421875,2004,7.421875,29746,0.0162802599370479,29746,0.0353733636438846,3556,-6.0625,3556,-6.162499904632568,15509,1.2619313565664925e-05,15509,0.0004872430872637,112,9.390625,112,9.290624618530272,856,0.0058992491103708,263,0.0394211038947105
7,2358,9.59375,2358,9.59375,856,0.0034582926891744,385,0.02127574570477,269,9.515625,269,9.415624618530272,5642,0.0016063336515799,2000,0.0068041551858186,273,-5.1875,273,-5.1875,2894,0.010854123160243,2894,0.0149744506925344,2042,-8.140625,2042,-8.240625381469727,20928,0.0028380495496094,29901,0.0025485896039754,3839,7.890625,3402,7.931250095367432,23266,0.0003662037779577,376,0.0141675444319844,3444,12.6640625,3444,12.564062118530272,29889,0.0024337177164852,472,0.0061288122087717,486,-7.2109375,486,-7.2109375,5040,0.0076611088588833,5040,0.0080652087926864,3971,12.6484375,3971,12.548437118530272,7111,0.0035439727362245,7111,0.0106181548908352,269,9.0625,269,9.0625,5545,0.0121194757521152,5545,0.0131517387926578,2042,-9.9453125,2042,-10.045312881469728,1346,0.0233367979526519,1546,0.0329385995864868,787,11.6328125,787,11.732812881469728,4257,0.000229768367717,343,0.0006045056506991,2358,10.171875,3402,10.15625,14325,0.0012113751145079,825,0.001558807096444,74,-7.2421875,3700,7.243750095367432,13,0.0039600674062967,13,0.0233747400343418,1360,-14.4140625,1360,-14.514062881469728,313,0.0010703573934733,360,0.0012511588865891,392,8.140625,3830,8.139062881469727,263,0.0003302542027086,10423,0.0088699720799922,2358,7.5390625,2358,7.5390625,16852,0.0030369095038622,451,0.0108085870742797,2042,-6.6875,2042,-6.6875,263,0.0465317890048027,263,0.0497250035405159,4053,5.1953125,4053,5.1953125,903,0.0094017433002591,903,0.0097989933565258,3830,10.046875,3830,10.146875381469728,3342,0.0036114531103521,10087,0.0117677245289087,3830,10.0390625,3830,10.0390625,856,0.0018978141015395,856,0.0144594497978687,3556,-11.6015625,3556,-11.501562118530272,697,0.0004524767864495,697,0.0095427017658948,1176,-10.28125,1176,-10.381250381469728,29901,0.0009034615359269,5545,0.0119010740891098,1927,-6.8125,1927,-6.8125,22233,0.0076607512310147,22233,0.0165549237281084,1076,-6.046875,1076,-6.146874904632568,376,8.616620107204653e-06,376,0.0003231790033169,4053,9.2109375,4053,9.110937118530272,24206,0.0049346182495355,451,0.027854885905981
8,2184,-9.296875,2184,-9.396875381469728,385,0.0031993191223591,856,0.018344547599554,1314,8.328125,1314,8.328125,2000,0.0015869259368628,884,0.0066488445736467,1927,-5.125,1927,-5.125,9101,0.0078042251989245,9101,0.0119850793853402,3971,7.9375,3971,7.837500095367432,27291,0.0026256630662828,20928,0.0023771536070853,2042,-7.74609375,2042,-7.846093654632568,2180,0.0001918901252793,2180,0.0111280409619212,3684,-11.171875,3684,-11.071874618530272,19148,0.0013392616529017,1577,0.0060459468513727,3637,-7.06640625,3637,-7.06640625,24663,0.0058247633278369,24663,0.0059571582823991,1415,12.1015625,1415,12.201562881469728,338,0.0014396348269656,338,0.0065783290192484,1176,-9.0078125,1176,-9.0078125,451,0.0118012586608529,451,0.0129311932250857,1839,-9.84375,1839,-9.743749618530272,746,0.0176137257367372,746,0.0217323787510395,1512,11.46875,1512,11.46875,5546,0.0001602220727363,5546,0.0003279398661106,3402,10.15625,2358,10.071874618530272,4956,0.0007522962405346,4956,0.0009039243450388,1176,7.1796875,74,-7.2421875,385,0.0028689899481832,385,0.015059114433825,2002,-12.484375,2002,-12.484375,360,0.0009464121540077,313,0.0012196480529382,3830,8.0390625,1839,-8.045312881469727,884,0.0003270750166848,10664,0.0082143358886241,3971,7.3203125,269,7.240624904632568,451,0.0028140794020146,13,0.0069709718227386,3391,-6.546875,2084,6.631249904632568,10537,0.0259983707219362,10537,0.0248691998422145,3444,5.171875,3444,5.171875,16631,0.0010855040745809,16631,0.0012383797438815,1003,-9.96875,1003,-9.868749618530272,1048,0.0031655470374971,278,0.0099838329479098,269,8.921875,269,8.821874618530273,451,0.0017101572593674,451,0.0104009639471769,1839,-11.5703125,1839,-11.470312118530272,1146,0.0003306765283923,13,0.0071030538529157,3684,-10.2109375,3684,-10.310937881469728,5545,0.0008427670691162,6200,0.0101795857772231,1839,-6.515625,1839,-6.515625,263,0.0056890626437962,263,0.0111619960516691,787,5.9296875,787,6.029687404632568,269,6.711423793603899e-06,344,0.0003069682279601,3800,-9.0234375,3800,-9.0234375,263,0.0040976349264383,2448,0.0254791118204593
9,3402,9.0546875,3830,8.9921875,451,0.0028357347473502,451,0.0152981784194707,2021,-8.171875,2021,-8.271875381469727,2869,0.0015443923184648,29892,0.0064584319479763,3831,5.0859375,3831,5.0859375,263,0.0069819185882806,521,0.0065772095695137,2084,-7.8046875,2084,-7.8046875,29901,0.0025004220660775,27291,0.0022417858708649,3971,7.734375,3971,7.834374904632568,7260,0.0001863408397184,29871,0.0108956256881356,1360,-10.46875,1360,-10.368749618530272,472,0.0012526928912848,29871,0.0046573500148952,2813,6.6171875,2813,6.6171875,8372,0.0040213894098997,8372,0.0040892492979764,2611,-10.5234375,787,10.537500381469728,29889,0.0012374358484521,313,0.0059154080227017,3556,-8.1796875,4076,-8.264062881469727,13,0.0096911517903208,13,0.0110600758343935,3830,9.421875,3684,-9.475000381469728,2820,0.0154131231829524,2820,0.0213021207600832,3971,10.46875,3971,10.46875,29901,4.628958413377404e-05,12992,0.0001164011773653,1839,-9.3515625,1839,-9.451562881469728,29973,0.0007283325539901,29973,0.000806454278063,2891,-6.82421875,2891,-6.924218654632568,10914,0.0025516205932945,856,0.0120372427627444,1573,-12.125,1573,-12.225000381469728,25348,0.0008268620586022,25348,0.0011065283324569,1839,-7.9453125,392,8.040624618530273,10664,0.0002678625460248,884,0.0065839826129376,269,7.140625,3971,7.220312595367432,2869,0.0020003453828394,2869,0.0069062365218997,2084,6.53125,3391,-6.546875,385,0.0220610816031694,385,0.0229149740189313,2806,-4.953125,2806,-4.953125,14183,0.0005643704207614,14183,0.0006148305837996,1927,-9.75,1927,-9.649999618530272,903,0.0022038421593606,2820,0.0099837575107812,3402,8.6875,3402,8.787500381469727,2869,0.0012620242778211,2869,0.0062792305834591,269,11.296875,269,11.396875381469728,29420,0.0003064062038902,856,0.0040620076470077,2021,-10.078125,2021,-10.178125381469728,491,0.0008397633209824,29901,0.0087181786075234,3700,-6.48046875,3700,-6.48046875,9687,0.0054565127938985,9687,0.011106270365417,1465,5.6171875,3837,5.545312404632568,2008,6.378990747180069e-06,269,0.000201506743906,392,8.78125,392,8.681249618530273,451,0.0038805026561021,24206,0.0197280887514352
10,3830,8.9921875,3402,8.954687118530273,4257,0.0023090422619134,4257,0.0096946125850081,3971,8.1640625,3971,8.264062881469727,884,0.0014895653584972,385,0.0056991656310856,2404,-4.94921875,2404,-4.94921875,521,0.0057523790746927,903,0.0060875443741679,2425,-7.53125,2425,-7.53125,2337,0.0024122444447129,2337,0.0021785900462418,2771,-6.91796875,2771,-7.017968654632568,1291,0.0001641996495891,23266,0.0107921082526445,149,9.3359375,3700,9.296875,29871,0.0010556882480159,19148,0.0035515250638127,2021,-6.5625,2021,-6.5625,29901,0.0035336592700332,29901,0.0037114629521965,787,10.4375,2611,-10.423437118530272,3721,0.0011058513773605,29889,0.0051563624292612,4076,-8.1640625,3556,-8.079687118530273,29973,0.0060404292307794,29973,0.0064749727025628,3684,-9.375,3830,9.421875,322,0.0142789185047149,322,0.015164528042078,3556,-10.109375,3556,-10.209375381469728,22444,4.562062895274721e-05,22444,9.025341569213197e-05,2617,9.28125,2617,9.181249618530272,29901,0.0006415134994313,12217,0.0007514901226386,1927,-6.75390625,1927,-6.853906154632568,856,0.0025199025403708,10914,0.0081835016608238,3402,10.1171875,3402,10.217187881469728,29901,0.0006913304096087,29901,0.0008412389433942,3971,7.890625,3971,7.990624904632568,10423,0.0002535363018978,3271,0.0037389143835753,2573,6.36328125,2573,6.36328125,13,0.0016764835454523,16852,0.0067121968604624,112,5.953125,112,5.953125,903,0.0191704351454973,903,0.0200294032692909,1870,-4.890625,1870,-4.890625,13,0.0004740407457575,13,0.0004503871023189,2357,-9.59375,2357,-9.493749618530272,2820,0.001823813188821,903,0.0085594458505511,787,8.4453125,787,8.345312118530273,29973,0.0007443089270964,29973,0.0051929466426372,1335,-10.390625,1335,-10.290624618530272,7664,0.0003018946736119,1146,0.0039522424340248,392,9.578125,392,9.678125381469728,5982,0.0008165334002114,856,0.0081563144922256,2404,-6.28125,704,6.373437404632568,1559,0.0047832615673542,1559,0.0098035028204321,1839,-5.56640625,1465,5.517187595367432,452,3.005028929692344e-06,1346,9.206948016071692e-05,3700,8.578125,3700,8.478124618530273,3082,0.0030192404519766,29973,0.0180881693959236
11,2604,-8.5,2330,8.560937881469727,903,0.0015729191945865,903,0.0069657270796597,486,-8.1328125,392,8.068750381469727,29901,0.0012386885937303,694,0.0048712412826716,3905,-4.921875,3905,-4.921875,903,0.0049178451299667,263,0.0055449926294386,1927,-7.078125,1927,-7.178124904632568,903,0.0017521706176921,903,0.0016472501447424,3391,-6.765625,2569,6.701562404632568,25951,0.0001553990005049,1291,0.0084487088024616,3700,9.296875,149,9.235937118530272,448,0.0008410109439864,448,0.0031292221974581,347,-6.51953125,347,-6.419531345367432,9080,0.0015058838762342,9080,0.0016070075798779,3909,8.8359375,3909,8.935937881469727,947,0.0010839102324098,947,0.0037090117111802,1839,-8.0078125,1839,-8.0078125,903,0.0033739760983735,903,0.0035718420986086,4053,8.9765625,4053,8.9765625,363,0.0127455545589327,363,0.0129310879856348,269,9.796875,269,9.796875,884,3.827497494057752e-05,15574,6.755544018233195e-05,3971,8.140625,3971,8.140625,379,0.0005577118135988,8449,0.0007177494117058,269,6.515625,269,6.515625,5569,0.0019356579286977,6290,0.0057492312043905,149,9.84375,149,9.943750381469728,525,0.0005299153854139,525,0.0006739178788848,2358,7.58203125,2358,7.482031345367432,13,0.0002150505897589,14328,0.0037175279576331,2002,6.33203125,2002,6.33203125,263,0.0016132381279021,263,0.0062428656965494,2281,-5.93359375,2281,-5.93359375,29973,0.0170170255005359,29973,0.0179720073938369,794,-4.78515625,794,-4.78515625,891,0.0003034465189557,891,0.0003161817439831,3170,9.0703125,3170,9.170312881469728,29901,0.001670803874731,472,0.0079408967867493,1573,-8.390625,1573,-8.290624618530273,825,0.0003969004319515,313,0.0023537864908576,2215,10.078125,2215,9.978124618530272,12255,0.0003003989695571,5642,0.0039452570490539,1839,-9.2265625,1839,-9.326562881469728,856,0.0007964865653775,491,0.0072227870114147,704,6.2734375,2404,-6.28125,502,0.0031029756646603,502,0.0065969424322247,3837,5.4453125,1839,-5.466406345367432,1346,2.399604682068457e-06,452,7.78184985392727e-05,269,8.171875,269,8.171875,29973,0.0024339440278708,3082,0.0179004333913326
12,2330,8.4609375,2604,-8.5,22444,0.0012975204735994,697,0.0064006876200437,392,7.96875,486,-8.032812118530273,694,0.0011166046606376,29901,0.0043470575474202,3743,4.9140625,3743,4.9140625,825,0.0042519872076809,825,0.0045255962759256,1598,-7.03125,1598,-7.03125,5186,0.0016239274991676,5186,0.0014240473974496,2660,-6.71875,3391,-6.665625095367432,376,0.0001486399705754,313,0.0066973757930099,3556,-8.6171875,3556,-8.517187118530273,3001,0.0007324327016249,313,0.0030287175904959,2330,6.39453125,2330,6.39453125,5004,0.0013366200728341,5004,0.0014009980950504,2660,-8.328125,2660,-8.228124618530273,29901,0.0009677342022769,3721,0.0035679563879966,2281,-7.18359375,2281,-7.18359375,439,0.0026802783831954,825,0.002944175619632,1360,-8.3828125,1360,-8.482812881469727,472,0.0098686702549457,525,0.012106530368328,3494,-9.5,3494,-9.600000381469728,12992,3.61239435733296e-05,5642,6.619738996960223e-05,2002,-8.109375,2002,-8.109375,12217,0.0005446106079034,29901,0.0006455849506892,3800,-6.49609375,3800,-6.49609375,6290,0.0015943682519719,5569,0.0057201194576919,2021,-9.59375,2021,-9.693750381469728,1938,0.000446736376034,1938,0.0006367220776155,2533,7.25,2533,7.349999904632568,3271,0.0001622523996047,856,0.0035281705204397,1573,6.14453125,1573,6.244531154632568,4702,0.0015448526246473,278,0.004590745549649,286,5.4921875,1573,5.502343654632568,278,0.0161935929208993,278,0.0170768741518259,548,4.75390625,548,4.75390625,856,0.0002977005497086,856,0.0002867657749447,4076,-9.0625,4076,-9.162500381469728,10087,0.0013068644329905,30081,0.0075176376849412,1512,8.046875,1512,8.046875,26129,0.000379247998353,825,0.0021430857013911,4053,9.8359375,4053,9.935937881469728,5642,0.0002966535103041,7664,0.0039040073752403,4076,-8.546875,4076,-8.446874618530273,29892,0.000644298212137,13112,0.0066231237724423,3554,-6.15625,3554,-6.15625,2560,0.0017808271804824,2560,0.0036195798311382,531,-5.40625,531,-5.306250095367432,7019,1.543687858429621e-06,525,5.035430149291642e-05,3241,7.26953125,3971,7.23046875,29901,0.0019275981467217,29901,0.01564103923738
13,2977,-7.9921875,2977,-7.9921875,884,0.0012589114485308,884,0.0063920738175511,2084,-7.91015625,2184,-7.959374904632568,1476,0.0009560239850543,1476,0.0038506111595779,2002,-4.8984375,2002,-4.8984375,2211,0.0033434152137488,2211,0.0044034882448613,4053,-6.9453125,4053,-6.9453125,3721,0.0014146623434498,3721,0.001247233711183,2569,6.6015625,2660,-6.618750095367432,10813,0.0001389708777423,7260,0.005959456320852,1927,-8.3984375,1927,-8.498437881469727,393,0.0006081741303205,393,0.0024600976612418,2660,-6.29296875,2660,-6.29296875,3867,0.0012626944808289,3867,0.0013651755871251,1573,-8.15625,1573,-8.056249618530273,313,0.0009495714912191,29901,0.0032701150048524,2021,-6.7109375,1512,6.65625,825,0.0026298437733203,439,0.0028474438004195,257,-8.1953125,3402,8.271875381469727,411,0.009711854159832,1048,0.0119543755427002,1640,-8.59375,1640,-8.693750381469727,5642,3.595669477363117e-05,884,5.997707557980903e-05,3591,7.9296875,3591,7.9296875,7551,0.0005125006427988,7551,0.0006360818515531,2357,6.3515625,2357,6.3515625,11423,0.0009960503084585,29892,0.0035614136140793,470,9.5703125,470,9.670312881469728,29892,0.0004106945416424,29892,0.0004641130799427,3494,-6.8984375,3494,-6.998437404632568,856,0.0001602492848178,903,0.0031218712683767,514,-6.1328125,514,-6.1328125,278,0.0012320245150476,4257,0.0035354432184249,1573,5.40234375,286,5.4921875,19017,0.013411664403975,19017,0.012790803797543,4009,-4.56640625,4009,-4.56640625,584,0.0002218096342403,584,0.0002250813704449,2660,-8.875,2660,-8.975000381469727,30081,0.0010793942492455,12234,0.0070969914086163,2604,-7.73828125,2604,-7.838281154632568,313,0.0002714395814109,29871,0.0015281030209735,787,9.453125,787,9.353124618530272,13,0.0002773806918412,607,0.0033570823725312,3971,8.0625,3971,8.162500381469727,6200,0.0005845013656653,16631,0.0047011673450469,1176,-5.97265625,1176,-5.97265625,13206,0.0013052987633273,13206,0.0027890061028301,1830,5.32421875,1830,5.224218845367432,1586,1.216310920426622e-06,11563,4.589233867591247e-05,3971,7.23046875,3241,7.169531345367432,350,0.0017407923005521,350,0.0150238331407308
14,1130,-7.86328125,1130,-7.86328125,1459,0.0012528068618848,22444,0.0050882659852504,2184,-7.859375,3556,-7.932031154632568,577,0.0006817997200414,1286,0.0027792260516434,1026,4.8984375,1026,4.8984375,3196,0.0027786726132035,3196,0.0034825187176465,2118,6.578125,2118,6.578125,385,0.0013218184467405,385,0.001235494739376,1927,-6.46875,1927,-6.568749904632568,7740,0.0001385579962516,10813,0.0055560111068189,2021,-8.21875,2021,-8.118749618530273,313,0.0005883955163881,3001,0.0021791495382785,1176,-6.25,1176,-6.25,4511,0.0012343726120889,437,0.0013105173129588,2357,-7.4453125,2357,-7.4453125,746,0.0006051913369446,448,0.0024936941917985,1512,6.65625,1927,-6.62890625,856,0.0018969912780448,856,0.0021106491331011,3402,8.171875,257,-8.1953125,408,0.0096032861620187,4326,0.0110122142359614,2021,-8.5703125,2021,-8.670312881469727,29871,3.593866131268442e-05,29901,5.982563379802741e-05,3208,-7.59375,2021,-7.685937404632568,445,0.0004330790543463,379,0.0005228041554801,2425,-6.296875,2169,-6.296875,10545,0.0009141761693172,11423,0.0031789836939424,2611,-9.328125,2611,-9.428125381469728,263,0.0003765888686757,263,0.0004480245115701,3582,-6.7109375,3582,-6.810937404632568,903,0.0001511588634457,13,0.0028046711813658,933,6.0546875,933,6.0546875,1019,0.0009863709565252,1019,0.0034095032606273,3937,-5.31640625,3937,-5.31640625,2023,0.0089967148378491,2023,0.0093251587823033,682,4.5625,682,4.5625,302,0.0002135314280167,302,0.0002182697644457,1176,-8.859375,1176,-8.959375381469727,3889,0.001025048084557,3889,0.0058347205631434,3971,6.9453125,3971,6.9453125,22004,0.0002014923957176,263,0.0012164210202172,3839,-9.3515625,3839,-9.251562118530272,16866,0.0002301780768902,29420,0.0030936507973819,3700,7.828125,3700,7.728125095367432,29871,0.0005627655191347,263,0.0046552815474569,3241,5.79296875,3241,5.79296875,8024,0.0011803023517131,8024,0.0024288985878229,2643,-5.21875,45,5.185937404632568,525,1.1914028164028425e-06,7019,4.424785220180638e-05,4076,-6.71484375,4076,-6.614843845367432,1058,0.0015075664268806,385,0.0110067864879965
15,1360,-7.76171875,486,-7.830468654632568,697,0.0011857650242745,2869,0.0049282698892056,3556,-7.83203125,2084,-7.810156345367432,1286,0.0006805719458498,577,0.0024130037054419,1788,4.890625,1788,4.890625,599,0.0022807004861533,13874,0.0025569885037839,2611,-6.53515625,2611,-6.53515625,2183,0.0013104929821565,2183,0.0011845375411212,2004,-6.40234375,2004,-6.502343654632568,4049,0.000107029096398,7740,0.0053937467746436,3909,7.859375,3909,7.959374904632568,29901,0.0004736180417239,29901,0.00130629632622,148,-6.1875,148,-6.1875,437,0.0012319205561652,4511,0.0012844981392845,2021,-7.2421875,2021,-7.142187595367432,448,0.00054902973352,746,0.0024698229972273,1927,-6.62890625,2021,-6.610937595367432,472,0.0018866568570956,472,0.0020578233525156,2622,-8.0625,2622,-8.162500381469727,310,0.0092019373551011,408,0.0103427097201347,2002,-8.5625,2002,-8.662500381469727,263,3.537099473760463e-05,5279,5.205877096159384e-05,2021,-7.5859375,3208,-7.493750095367432,11563,0.0003493774565868,11563,0.000422011129558,2169,-6.296875,2425,-6.296875,12874,0.0008317360188812,278,0.0031638913787901,2209,-9.0,2209,-9.0,437,0.0003526824293658,2726,0.0004444778023753,2021,-6.703125,2021,-6.803124904632568,14328,0.0001173055206891,5642,0.0026253163814544,2184,-5.9921875,2184,-5.9921875,903,0.0009261087980121,903,0.0033680112101137,41,-5.265625,41,-5.265625,9638,0.0086856456473469,2595,0.008619338274002,2021,-4.5546875,2021,-4.5546875,813,0.0001647728204261,4644,0.0001764771004673,2617,8.78125,1360,-8.857812881469727,12234,0.0008337341132573,3721,0.0036092489026486,2281,-6.8828125,2281,-6.8828125,263,0.000166302837897,29889,0.001115933409892,2611,-8.6171875,3591,8.646875381469727,27263,0.000220640329644,445,0.0030281369108706,269,7.69140625,787,7.717187404632568,13,0.0004149580199737,29892,0.0045229960232973,1312,5.78125,1312,5.78125,22004,0.0010795166017487,22004,0.0022220676764845,1314,-5.203125,1145,5.146874904632568,11563,1.0474560667717014e-06,29901,4.0437789721181616e-05,21,-6.65625,21,-6.556250095367432,385,0.0014427463756874,29892,0.0094269569963216
16,486,-7.73046875,1360,-7.661718845367432,2869,0.0011459721717983,29901,0.0039823888801038,2358,7.80859375,2604,-7.795312404632568,2998,0.0005984430899843,2998,0.0023832453880459,3028,4.87109375,3028,4.87109375,1716,0.0018317048670724,5094,0.0023527927696704,4076,-6.4609375,3839,6.529687404632568,4868,0.0012552089756354,4868,0.0011101582786068,3383,6.3203125,3571,-6.252343654632568,5491,9.220933861797675e-05,4049,0.0051105259917676,470,7.609375,470,7.509375095367432,29991,0.0004207058227621,363,0.0010831869440153,1324,-6.15234375,1324,-6.15234375,9437,0.0010835918365046,1544,0.0011308952234685,1640,-7.0,1640,-7.099999904632568,8679,0.0004696548276115,472,0.0020691181998699,2358,6.35546875,2358,6.35546875,2086,0.0017716927686706,2086,0.0019652766641229,4076,-7.99609375,4076,-8.096094131469727,1048,0.0087602091953158,411,0.0102334795519709,3684,-8.4375,3684,-8.537500381469727,15574,2.834524821082596e-05,2869,4.78947076771874e-05,1415,7.12890625,1415,7.228906154632568,8449,0.000309396389639,445,0.000413479458075,692,-6.2734375,692,-6.2734375,2183,0.0008002916583791,10545,0.0030907299369573,1640,-8.96875,1640,-8.96875,5129,0.0003299447416793,437,0.0004339173610787,1415,6.4453125,1415,6.545312404632568,5642,9.97097376966849e-05,2869,0.0020426902920007,57,-5.6953125,57,-5.6953125,4257,0.0008684750646352,4702,0.0030573201365768,3448,5.2578125,3448,5.2578125,2595,0.0086187776178121,9638,0.0085092978551983,3097,4.5390625,3097,4.5390625,4644,0.0001640421833144,813,0.0001693984522717,1360,-8.7578125,2298,8.834375381469727,259,0.0007945484830997,6719,0.0036031065974384,1888,-6.796875,1888,-6.796875,29871,0.0001610221370356,7652,0.0008854826446622,3591,8.546875,2611,-8.6171875,8564,0.0002190368977608,29973,0.0026536376681178,787,7.6171875,269,7.591406345367432,13112,0.0003869291685987,5279,0.004102574661374,3666,-5.72265625,3666,-5.72265625,278,0.000951213936787,278,0.0018975598504766,3565,5.10546875,2643,-5.118750095367432,29901,1.0150909020012475e-06,1879,3.632904554251581e-05,1803,-6.54296875,1803,-6.54296875,29132,0.0013615299249067,1058,0.0091754989698529
17,3241,7.66796875,3241,7.567968845367432,2177,0.001096200547181,1459,0.0036419378593564,2281,-7.7734375,2281,-7.7734375,563,0.0005864602862857,563,0.0023746876977384,445,-4.76953125,445,-4.76953125,13874,0.0017956993542611,599,0.0022634055931121,3197,-6.453125,4076,-6.4609375,2820,0.0009214904857799,13,0.0008699989411979,380,-6.265625,3383,6.220312595367432,29871,8.522970165358856e-05,2023,0.004878684412688,1573,-7.4609375,1573,-7.360937595367432,526,0.0003168454568367,746,0.0010523688979446,3241,6.046875,3241,6.046875,1544,0.0010798162547871,9437,0.0010897122556343,1681,-6.8984375,1681,-6.798437595367432,1577,0.0004609843890648,8679,0.0016527817351743,2184,-6.27734375,2184,-6.27734375,29871,0.0016381259774789,29871,0.0017899270169436,3061,-7.9296875,3061,-7.829687595367432,4326,0.0073568057268857,310,0.010137403383851,1573,-8.0859375,1573,-8.185937881469727,5279,2.6498119041207246e-05,4325,4.30952241003979e-05,2215,7.05859375,2215,7.05859375,263,0.000292999058729,19663,0.000349219830241,994,-6.1875,3224,-6.1484375,7801,0.0006889056530781,2183,0.0030516730621457,3208,-8.4453125,3208,-8.4453125,311,0.0003041049058083,5129,0.0004315572150517,486,-6.41015625,3263,-6.322656154632568,29892,9.662475349614395e-05,13112,0.0019591080490499,45,5.62890625,45,5.62890625,29892,0.0006323318229988,29892,0.0025720014236867,235,5.11328125,235,5.11328125,10255,0.0083383787423372,10255,0.0080287680029869,4076,-4.51171875,3241,4.514062404632568,7652,0.0001440599298803,7652,0.0001595563662704,2298,8.734375,2617,8.681249618530273,385,0.0006287721917033,20928,0.0034217203501611,3561,-6.7734375,3561,-6.7734375,1852,0.0001581032847752,14365,0.0007795152487233,1,-8.015625,1,-8.115625381469727,26921,0.0002130781504092,8564,0.0026161218993365,3582,-7.23046875,3582,-7.330468654632568,297,0.0003788898175116,29871,0.0035619386471807,2281,-5.62890625,2281,-5.62890625,825,0.0008217527647502,825,0.0016972461016848,1927,-5.1015625,1314,-5.103125095367432,13,7.933593337838829e-07,13,2.726405546127353e-05,3839,-6.421875,590,-6.357812404632568,278,0.0010982222156599,278,0.0088073359802365
18,272,-7.1171875,272,-7.1171875,24046,0.0007470058044418,29892,0.0029231184162199,2604,-7.6953125,2358,7.708593845367432,297,0.0004249222401995,6200,0.0016103759407997,3200,4.76171875,3200,4.661718845367432,5094,0.0017122562276199,1716,0.0020328662358224,3839,6.4296875,3197,-6.453125,13,0.0008377585327252,2820,0.0008256867295131,1838,6.24609375,380,-6.165625095367432,2023,7.325443584704772e-05,856,0.0045211599208414,1681,-7.3359375,1681,-7.3359375,746,0.0003005651233252,526,0.0010355091653764,2509,-6.0,2509,-6.0,13,0.0008801411022432,13,0.0009428451885469,4076,-6.40625,4076,-6.40625,472,0.000385866878787,29871,0.0010924657108262,3150,6.2734375,3150,6.2734375,1603,0.0014966974267736,1603,0.0016581136733293,525,7.4296875,525,7.4296875,525,0.0061501483432948,472,0.0100121730938553,4076,-7.609375,4076,-7.709374904632568,2869,2.5428927983739413e-05,29871,3.59694822691381e-05,3700,7.0546875,3700,7.0546875,19663,0.0002414768969174,856,0.0002411820314591,3224,-6.1484375,1740,6.11328125,1058,0.0006641374202445,1058,0.0027306305710226,3142,8.2265625,3142,8.2265625,5012,0.0002927048190031,5012,0.0004290371725801,3263,-6.22265625,486,-6.310156345367432,2869,7.572369213448837e-05,5982,0.0019213618943467,20,5.5859375,20,5.5859375,22444,0.0005228350055404,22444,0.0016720267012715,171,4.9453125,171,4.9453125,5332,0.0048588700592517,334,0.0048527955077588,2042,-4.48828125,4076,-4.51171875,3579,0.0001147145812865,3579,0.0001226676686201,2330,8.6484375,787,8.560937881469727,825,0.0005356572801247,14278,0.0030844321008771,1825,6.62109375,3037,6.5546875,29889,0.0001361992181045,4770,0.0007483553490601,3224,-7.99609375,3224,-7.99609375,856,0.000212432918488,16866,0.0025580578949302,3402,6.96875,1681,-7.021874904632568,16631,0.0003468946379143,6892,0.0033118256833404,4000,-5.625,4000,-5.625,1023,0.0005219808081164,1023,0.0010718054836615,45,5.0859375,2121,-5.021874904632568,5129,6.870394031466276e-07,5129,2.6928746592602693e-05,1893,6.296875,3839,-6.321875095367432,29892,0.0009140356560237,2023,0.0063985153101384
19,3582,-7.109375,3582,-7.109375,29901,0.0007197310915216,24046,0.0027627693489193,1839,-7.5078125,1839,-7.607812404632568,903,0.0004093227616976,5517,0.0015363867860287,269,4.75,3114,4.65625,3578,0.0012313809711486,3578,0.0016033962601795,2660,-6.421875,3,-6.3671875,278,0.0006743491976521,278,0.0006303582922555,4090,6.234375,1838,6.146093845367432,1976,6.883461901452392e-05,5491,0.0043899887241423,2357,-7.171875,2357,-7.171875,363,0.0002272240672027,304,0.0009354965295642,517,-5.953125,3482,-5.921875,281,0.0007541999220848,281,0.0008112206705845,470,6.296875,470,6.196875095367432,29871,0.0002292294084327,669,0.0010069450363516,3830,6.06640625,3830,6.06640625,1554,0.0010887169046327,1554,0.0011514415964484,3826,7.4296875,3826,7.4296875,29889,0.0057457429356873,1550,0.0060273176059126,2617,7.47265625,3383,7.4453125,4325,2.288242285430897e-05,263,2.7655456506181508e-05,787,6.8984375,787,6.8984375,856,0.0002303046203451,263,0.0002265587536385,1740,6.11328125,994,-6.087500095367432,278,0.0006203342345543,12874,0.0023306880611926,1415,7.73046875,1415,7.73046875,2726,0.0002884181740228,311,0.0003858545969706,590,-6.16796875,3967,-6.248437404632568,5982,7.16571812517941e-05,4257,0.0015156104927882,511,-5.359375,511,-5.359375,11563,0.0005195257253944,313,0.0015075281262397,2497,-4.8203125,2497,-4.8203125,334,0.0046809678897261,5332,0.0047110822051763,2364,4.48046875,2042,-4.48828125,29892,0.0001128220901591,29892,0.0001058377456502,787,8.4609375,2330,8.548437118530273,313,0.0005325786187313,5224,0.0029439236968755,3037,6.5546875,1825,6.521093845367432,7652,0.0001342962495982,1852,0.0007341979653574,2357,7.890625,2357,7.790625095367432,607,0.0001926976983668,12255,0.002468631369993,1681,-6.921875,3402,6.868750095367432,5279,0.0002983377198688,5642,0.0028699317481368,3195,5.546875,3195,5.546875,13,0.0003787288733292,13,0.0007267894106917,3432,5.07421875,3565,5.005468845367432,1879,6.494679496427125e-07,903,2.151230182789732e-05,1018,-6.27734375,1018,-6.27734375,2023,0.0008533783839084,29132,0.0053936010226607
20,3981,6.984375,3981,6.984375,6200,0.0005827753921039,13,0.0024255793541669,1888,-7.32421875,1888,-7.32421875,29973,0.0003867016930598,5279,0.0015263420064002,197,4.7109375,269,4.650000095367432,1784,0.0011819869978353,1784,0.0014395988546311,3,-6.3671875,2660,-6.321875095367432,421,0.0005471054464578,421,0.0004981563542969,2358,6.19140625,4090,6.134375095367432,4709,6.69414657750167e-05,1976,0.0033604782074689,3402,7.03515625,3402,7.03515625,304,0.0002088504406856,408,0.0008985598105937,3482,-5.921875,2042,5.875,11592,0.0005553346709348,11592,0.0005704907234758,3150,6.09765625,3402,6.170312404632568,363,0.0001770986127667,363,0.0009477478452026,1681,-6.01171875,1681,-6.01171875,3342,0.0008038404630497,3342,0.0009055385598912,2281,-7.3125,2281,-7.412499904632568,975,0.0049849613569676,29889,0.0060129296034574,3383,7.4453125,470,7.443749904632568,856,1.823503953346517e-05,856,2.5635308702476323e-05,1573,-6.7890625,1573,-6.889062404632568,29889,0.0001618463284103,14693,0.0001698847918305,2660,-6.03125,2660,-6.03125,29892,0.0006092734984122,697,0.0022047916427254,3826,7.375,3826,7.375,319,0.0002853158221114,785,0.0003590011619962,3967,-6.1484375,2977,-6.084374904632568,13112,6.059923543944024e-05,263,0.0014566589379683,2624,-5.35546875,2624,-5.35546875,6200,0.0003832328366115,11563,0.0014657588908448,1604,4.79296875,1604,4.79296875,4824,0.0044511831365525,4824,0.0044541056267917,1908,-4.47265625,2364,4.48046875,448,0.0001000992560875,448,9.649989806348458e-05,514,-8.1328125,3700,8.060937881469727,451,0.0004997405339963,779,0.0028396290726959,220,6.43359375,220,6.43359375,14365,0.000125751728774,22004,0.0006512131658382,1745,-7.6640625,1745,-7.764062404632568,22533,0.0001620543189346,2023,0.0023209496866911,191,6.8984375,191,6.798437595367432,2845,0.0002575992548372,13,0.0027059195563197,1583,-5.51171875,1583,-5.51171875,330,0.0003570591798052,330,0.0006650417344644,970,-5.06640625,1927,-5.001562595367432,903,5.481135190166242e-07,24919,2.1237034161458723e-05,590,-6.2578125,1893,6.196875095367432,20861,0.0006339484243653,29889,0.0050996919162571
